-- phpMyAdmin SQL Dump
-- version 5.0.2
-- https://www.phpmyadmin.net/
--
-- Host: 127.0.0.1
-- Generation Time: Oct 10, 2020 at 09:47 AM
-- Server version: 10.4.13-MariaDB
-- PHP Version: 7.2.32

SET SQL_MODE = "NO_AUTO_VALUE_ON_ZERO";
START TRANSACTION;
SET time_zone = "+00:00";


/*!40101 SET @OLD_CHARACTER_SET_CLIENT=@@CHARACTER_SET_CLIENT */;
/*!40101 SET @OLD_CHARACTER_SET_RESULTS=@@CHARACTER_SET_RESULTS */;
/*!40101 SET @OLD_COLLATION_CONNECTION=@@COLLATION_CONNECTION */;
/*!40101 SET NAMES utf8mb4 */;

--
-- Database: `server_graceful`
--

-- --------------------------------------------------------

--
-- Table structure for table `admins`
--

CREATE TABLE `admins` (
  `id` bigint(20) UNSIGNED NOT NULL,
  `name` varchar(255) COLLATE utf8mb4_unicode_ci NOT NULL,
  `email` varchar(255) COLLATE utf8mb4_unicode_ci NOT NULL,
  `password` varchar(255) COLLATE utf8mb4_unicode_ci NOT NULL,
  `remember_token` varchar(100) COLLATE utf8mb4_unicode_ci DEFAULT NULL,
  `created_at` timestamp NULL DEFAULT NULL,
  `updated_at` timestamp NULL DEFAULT NULL,
  `deleted_at` timestamp NULL DEFAULT NULL
) ENGINE=InnoDB DEFAULT CHARSET=utf8mb4 COLLATE=utf8mb4_unicode_ci;

--
-- Dumping data for table `admins`
--

INSERT INTO `admins` (`id`, `name`, `email`, `password`, `remember_token`, `created_at`, `updated_at`, `deleted_at`) VALUES
(1, 'Rajlaxmi Sen', 'rajlaxmisen574@gmail.com', '$2y$10$3idp3bVQeHzCeAQIYJCfa.7tTQ5mxjxLJpeFm6ancE6zbkuIDcd3y', NULL, '2020-09-19 22:56:45', '2020-09-23 12:54:36', NULL);

-- --------------------------------------------------------

--
-- Table structure for table `admin_password_resets`
--

CREATE TABLE `admin_password_resets` (
  `email` varchar(255) COLLATE utf8mb4_unicode_ci NOT NULL,
  `otp` varchar(255) COLLATE utf8mb4_unicode_ci NOT NULL,
  `otp_expiry` varchar(255) COLLATE utf8mb4_unicode_ci NOT NULL,
  `is_verify` varchar(255) COLLATE utf8mb4_unicode_ci NOT NULL DEFAULT '0',
  `created_at` timestamp NULL DEFAULT NULL
) ENGINE=InnoDB DEFAULT CHARSET=utf8mb4 COLLATE=utf8mb4_unicode_ci;

--
-- Dumping data for table `admin_password_resets`
--

INSERT INTO `admin_password_resets` (`email`, `otp`, `otp_expiry`, `is_verify`, `created_at`) VALUES
('rajlaxmisen574@gmail.com', '575520', '2020-09-20 04:31:52', '0', '2020-09-19 22:56:52'),
('rajlaxmisen574@gmail.com', '597790', '2020-09-20 04:47:09', '0', '2020-09-19 23:12:09'),
('rajlaxmisen574@gmail.com', '233595', '2020-09-20 04:52:28', '0', '2020-09-19 23:17:28'),
('rajlaxmisen574@gmail.com', '668573', '2020-09-20 04:54:02', '0', '2020-09-19 23:19:02'),
('rajlaxmisen574@gmail.com', '989324', '2020-09-20 04:55:32', '0', '2020-09-19 23:20:32'),
('rajlaxmisen574@gmail.com', '337897', '2020-09-20 04:55:44', '0', '2020-09-19 23:20:44'),
('rajlaxmisen574@gmail.com', '506890', '2020-09-20 04:58:05', '0', '2020-09-19 23:23:05'),
('rajlaxmisen574@gmail.com', '801940', '2020-09-20 04:58:39', '0', '2020-09-19 23:23:39'),
('rajlaxmisen574@gmail.com', '448825', '2020-09-20 04:59:37', '0', '2020-09-19 23:24:37'),
('rajlaxmisen574@gmail.com', '100978', '2020-09-20 05:00:03', '0', '2020-09-19 23:25:03'),
('rajlaxmisen574@gmail.com', '415925', '2020-09-20 05:00:33', '0', '2020-09-19 23:25:33'),
('rajlaxmisen574@gmail.com', '891146', '2020-09-20 05:03:47', '0', '2020-09-19 23:28:47'),
('rajlaxmisen574@gmail.com', '385306', '2020-09-20 05:19:02', '0', '2020-09-19 23:44:02'),
('rajlaxmisen574@gmail.com', '725508', '2020-09-20 05:21:27', '0', '2020-09-19 23:46:27'),
('rajlaxmisen574@gmail.com', '581708', '2020-09-20 05:28:19', '0', '2020-09-19 23:53:19'),
('rajlaxmisen574@gmail.com', '229704', '2020-09-20 05:30:37', '0', '2020-09-19 23:55:37'),
('rajlaxmisen574@gmail.com', '510028', '2020-09-23 18:28:46', '0', '2020-09-23 12:53:46');

-- --------------------------------------------------------

--
-- Table structure for table `can_help_withs`
--

CREATE TABLE `can_help_withs` (
  `id` bigint(20) UNSIGNED NOT NULL,
  `user_id` bigint(20) UNSIGNED NOT NULL,
  `category_id` bigint(20) UNSIGNED NOT NULL,
  `created_at` timestamp NULL DEFAULT NULL,
  `updated_at` timestamp NULL DEFAULT NULL
) ENGINE=InnoDB DEFAULT CHARSET=utf8mb4 COLLATE=utf8mb4_unicode_ci;

--
-- Dumping data for table `can_help_withs`
--

INSERT INTO `can_help_withs` (`id`, `user_id`, `category_id`, `created_at`, `updated_at`) VALUES
(64, 10, 1, '2020-08-26 18:09:53', '2020-08-26 18:09:53'),
(65, 10, 2, '2020-08-26 18:09:53', '2020-08-26 18:09:53'),
(134, 9, 1, '2020-08-30 06:31:07', '2020-08-30 06:31:07'),
(135, 9, 2, '2020-08-30 06:31:07', '2020-08-30 06:31:07'),
(136, 9, 3, '2020-08-30 06:31:07', '2020-08-30 06:31:07'),
(137, 9, 4, '2020-08-30 06:31:07', '2020-08-30 06:31:07'),
(138, 9, 5, '2020-08-30 06:31:07', '2020-08-30 06:31:07'),
(139, 9, 6, '2020-08-30 06:31:07', '2020-08-30 06:31:07'),
(140, 9, 7, '2020-08-30 06:31:07', '2020-08-30 06:31:07'),
(141, 9, 8, '2020-08-30 06:31:07', '2020-08-30 06:31:07'),
(142, 9, 9, '2020-08-30 06:31:07', '2020-08-30 06:31:07'),
(143, 9, 10, '2020-08-30 06:31:07', '2020-08-30 06:31:07'),
(144, 9, 11, '2020-08-30 06:31:07', '2020-08-30 06:31:07'),
(145, 9, 12, '2020-08-30 06:31:07', '2020-08-30 06:31:07'),
(146, 9, 13, '2020-08-30 06:31:07', '2020-08-30 06:31:07'),
(147, 9, 14, '2020-08-30 06:31:07', '2020-08-30 06:31:07'),
(148, 9, 24, '2020-08-30 06:31:07', '2020-08-30 06:31:07'),
(149, 9, 25, '2020-08-30 06:31:07', '2020-08-30 06:31:07'),
(150, 9, 26, '2020-08-30 06:31:07', '2020-08-30 06:31:07'),
(151, 9, 27, '2020-08-30 06:31:07', '2020-08-30 06:31:07'),
(594, 15, 1, '2020-08-30 13:30:03', '2020-08-30 13:30:03'),
(595, 15, 2, '2020-08-30 13:30:03', '2020-08-30 13:30:03'),
(596, 15, 3, '2020-08-30 13:30:03', '2020-08-30 13:30:03'),
(597, 15, 4, '2020-08-30 13:30:03', '2020-08-30 13:30:03'),
(598, 15, 5, '2020-08-30 13:30:03', '2020-08-30 13:30:03'),
(599, 15, 6, '2020-08-30 13:30:03', '2020-08-30 13:30:03'),
(600, 15, 7, '2020-08-30 13:30:03', '2020-08-30 13:30:03'),
(601, 15, 8, '2020-08-30 13:30:03', '2020-08-30 13:30:03'),
(602, 15, 9, '2020-08-30 13:30:03', '2020-08-30 13:30:03'),
(603, 15, 10, '2020-08-30 13:30:03', '2020-08-30 13:30:03'),
(604, 15, 11, '2020-08-30 13:30:03', '2020-08-30 13:30:03'),
(605, 15, 12, '2020-08-30 13:30:03', '2020-08-30 13:30:03'),
(606, 15, 13, '2020-08-30 13:30:03', '2020-08-30 13:30:03'),
(607, 15, 14, '2020-08-30 13:30:03', '2020-08-30 13:30:03'),
(608, 15, 15, '2020-08-30 13:30:03', '2020-08-30 13:30:03'),
(712, 12, 1, '2020-08-31 18:47:52', '2020-08-31 18:47:52'),
(713, 12, 2, '2020-08-31 18:47:52', '2020-08-31 18:47:52'),
(714, 12, 3, '2020-08-31 18:47:52', '2020-08-31 18:47:52'),
(715, 12, 4, '2020-08-31 18:47:52', '2020-08-31 18:47:52'),
(716, 12, 5, '2020-08-31 18:47:52', '2020-08-31 18:47:52'),
(717, 12, 6, '2020-08-31 18:47:52', '2020-08-31 18:47:52'),
(718, 12, 7, '2020-08-31 18:47:52', '2020-08-31 18:47:52'),
(719, 12, 8, '2020-08-31 18:47:52', '2020-08-31 18:47:52'),
(720, 12, 9, '2020-08-31 18:47:52', '2020-08-31 18:47:52'),
(721, 12, 10, '2020-08-31 18:47:52', '2020-08-31 18:47:52'),
(722, 12, 11, '2020-08-31 18:47:52', '2020-08-31 18:47:52'),
(723, 12, 12, '2020-08-31 18:47:52', '2020-08-31 18:47:52'),
(724, 12, 13, '2020-08-31 18:47:52', '2020-08-31 18:47:52'),
(725, 12, 14, '2020-08-31 18:47:52', '2020-08-31 18:47:52'),
(726, 12, 15, '2020-08-31 18:47:52', '2020-08-31 18:47:52'),
(727, 12, 16, '2020-08-31 18:47:52', '2020-08-31 18:47:52'),
(728, 12, 17, '2020-08-31 18:47:52', '2020-08-31 18:47:52'),
(729, 12, 18, '2020-08-31 18:47:52', '2020-08-31 18:47:52'),
(852, 16, 1, '2020-08-31 18:56:08', '2020-08-31 18:56:08'),
(853, 16, 2, '2020-08-31 18:56:08', '2020-08-31 18:56:08'),
(854, 16, 3, '2020-08-31 18:56:08', '2020-08-31 18:56:08'),
(855, 16, 4, '2020-08-31 18:56:08', '2020-08-31 18:56:08'),
(856, 16, 5, '2020-08-31 18:56:08', '2020-08-31 18:56:08'),
(857, 16, 6, '2020-08-31 18:56:08', '2020-08-31 18:56:08'),
(858, 16, 7, '2020-08-31 18:56:08', '2020-08-31 18:56:08'),
(859, 16, 8, '2020-08-31 18:56:08', '2020-08-31 18:56:08'),
(860, 16, 9, '2020-08-31 18:56:08', '2020-08-31 18:56:08'),
(861, 16, 10, '2020-08-31 18:56:08', '2020-08-31 18:56:08'),
(862, 16, 11, '2020-08-31 18:56:08', '2020-08-31 18:56:08'),
(863, 16, 12, '2020-08-31 18:56:08', '2020-08-31 18:56:08'),
(864, 16, 13, '2020-08-31 18:56:08', '2020-08-31 18:56:08'),
(865, 16, 14, '2020-08-31 18:56:08', '2020-08-31 18:56:08'),
(866, 16, 15, '2020-08-31 18:56:08', '2020-08-31 18:56:08'),
(867, 16, 16, '2020-08-31 18:56:08', '2020-08-31 18:56:08'),
(868, 16, 17, '2020-08-31 18:56:08', '2020-08-31 18:56:08'),
(869, 16, 18, '2020-08-31 18:56:08', '2020-08-31 18:56:08'),
(870, 16, 19, '2020-08-31 18:56:08', '2020-08-31 18:56:08'),
(871, 16, 20, '2020-08-31 18:56:08', '2020-08-31 18:56:08'),
(872, 16, 21, '2020-08-31 18:56:08', '2020-08-31 18:56:08'),
(873, 16, 22, '2020-08-31 18:56:08', '2020-08-31 18:56:08'),
(874, 16, 23, '2020-08-31 18:56:08', '2020-08-31 18:56:08'),
(875, 16, 24, '2020-08-31 18:56:08', '2020-08-31 18:56:08'),
(876, 16, 25, '2020-08-31 18:56:08', '2020-08-31 18:56:08'),
(877, 16, 26, '2020-08-31 18:56:08', '2020-08-31 18:56:08'),
(878, 16, 27, '2020-08-31 18:56:08', '2020-08-31 18:56:08'),
(879, 16, 28, '2020-08-31 18:56:08', '2020-08-31 18:56:08'),
(908, 13, 1, '2020-08-31 19:01:34', '2020-08-31 19:01:34'),
(909, 13, 2, '2020-08-31 19:01:34', '2020-08-31 19:01:34'),
(910, 13, 3, '2020-08-31 19:01:34', '2020-08-31 19:01:34'),
(911, 13, 4, '2020-08-31 19:01:34', '2020-08-31 19:01:34'),
(912, 13, 5, '2020-08-31 19:01:34', '2020-08-31 19:01:34'),
(913, 13, 6, '2020-08-31 19:01:34', '2020-08-31 19:01:34'),
(914, 13, 7, '2020-08-31 19:01:34', '2020-08-31 19:01:34'),
(915, 13, 8, '2020-08-31 19:01:34', '2020-08-31 19:01:34'),
(916, 13, 9, '2020-08-31 19:01:34', '2020-08-31 19:01:34'),
(917, 13, 10, '2020-08-31 19:01:34', '2020-08-31 19:01:34'),
(918, 13, 11, '2020-08-31 19:01:34', '2020-08-31 19:01:34'),
(919, 13, 12, '2020-08-31 19:01:34', '2020-08-31 19:01:34'),
(920, 13, 13, '2020-08-31 19:01:34', '2020-08-31 19:01:34'),
(921, 13, 14, '2020-08-31 19:01:34', '2020-08-31 19:01:34'),
(922, 13, 15, '2020-08-31 19:01:34', '2020-08-31 19:01:34'),
(923, 13, 16, '2020-08-31 19:01:34', '2020-08-31 19:01:34'),
(924, 13, 17, '2020-08-31 19:01:34', '2020-08-31 19:01:34'),
(925, 13, 18, '2020-08-31 19:01:34', '2020-08-31 19:01:34'),
(926, 13, 19, '2020-08-31 19:01:34', '2020-08-31 19:01:34'),
(927, 13, 20, '2020-08-31 19:01:34', '2020-08-31 19:01:34'),
(928, 13, 21, '2020-08-31 19:01:34', '2020-08-31 19:01:34'),
(929, 13, 22, '2020-08-31 19:01:34', '2020-08-31 19:01:34'),
(930, 13, 23, '2020-08-31 19:01:34', '2020-08-31 19:01:34'),
(931, 13, 24, '2020-08-31 19:01:34', '2020-08-31 19:01:34'),
(932, 13, 25, '2020-08-31 19:01:34', '2020-08-31 19:01:34'),
(933, 3, 1, '2020-08-31 19:04:14', '2020-08-31 19:04:14'),
(934, 3, 2, '2020-08-31 19:04:14', '2020-08-31 19:04:14'),
(935, 3, 3, '2020-08-31 19:04:14', '2020-08-31 19:04:14'),
(936, 3, 4, '2020-08-31 19:04:14', '2020-08-31 19:04:14'),
(937, 3, 5, '2020-08-31 19:04:14', '2020-08-31 19:04:14'),
(938, 3, 6, '2020-08-31 19:04:14', '2020-08-31 19:04:14'),
(939, 3, 7, '2020-08-31 19:04:14', '2020-08-31 19:04:14'),
(940, 3, 8, '2020-08-31 19:04:14', '2020-08-31 19:04:14'),
(941, 3, 9, '2020-08-31 19:04:14', '2020-08-31 19:04:14'),
(942, 3, 10, '2020-08-31 19:04:14', '2020-08-31 19:04:14'),
(943, 3, 11, '2020-08-31 19:04:14', '2020-08-31 19:04:14'),
(944, 3, 12, '2020-08-31 19:04:14', '2020-08-31 19:04:14'),
(945, 3, 13, '2020-08-31 19:04:14', '2020-08-31 19:04:14'),
(946, 3, 14, '2020-08-31 19:04:14', '2020-08-31 19:04:14'),
(947, 3, 15, '2020-08-31 19:04:14', '2020-08-31 19:04:14'),
(948, 3, 16, '2020-08-31 19:04:14', '2020-08-31 19:04:14'),
(949, 3, 17, '2020-08-31 19:04:14', '2020-08-31 19:04:14'),
(950, 3, 18, '2020-08-31 19:04:14', '2020-08-31 19:04:14'),
(951, 3, 19, '2020-08-31 19:04:14', '2020-08-31 19:04:14'),
(952, 3, 20, '2020-08-31 19:04:14', '2020-08-31 19:04:14'),
(953, 3, 21, '2020-08-31 19:04:14', '2020-08-31 19:04:14'),
(954, 3, 22, '2020-08-31 19:04:14', '2020-08-31 19:04:14'),
(955, 3, 23, '2020-08-31 19:04:14', '2020-08-31 19:04:14'),
(956, 3, 24, '2020-08-31 19:04:14', '2020-08-31 19:04:14'),
(957, 3, 25, '2020-08-31 19:04:14', '2020-08-31 19:04:14'),
(958, 3, 26, '2020-08-31 19:04:14', '2020-08-31 19:04:14'),
(959, 3, 27, '2020-08-31 19:04:14', '2020-08-31 19:04:14'),
(960, 3, 28, '2020-08-31 19:04:14', '2020-08-31 19:04:14'),
(1028, 6, 1, '2020-09-01 15:13:59', '2020-09-01 15:13:59'),
(1029, 6, 2, '2020-09-01 15:13:59', '2020-09-01 15:13:59'),
(1030, 6, 3, '2020-09-01 15:13:59', '2020-09-01 15:13:59'),
(1031, 6, 4, '2020-09-01 15:13:59', '2020-09-01 15:13:59'),
(1032, 6, 5, '2020-09-01 15:13:59', '2020-09-01 15:13:59'),
(1033, 6, 6, '2020-09-01 15:13:59', '2020-09-01 15:13:59'),
(1034, 6, 7, '2020-09-01 15:13:59', '2020-09-01 15:13:59'),
(1035, 6, 8, '2020-09-01 15:13:59', '2020-09-01 15:13:59'),
(1036, 6, 9, '2020-09-01 15:13:59', '2020-09-01 15:13:59'),
(1037, 6, 10, '2020-09-01 15:13:59', '2020-09-01 15:13:59'),
(1038, 6, 11, '2020-09-01 15:13:59', '2020-09-01 15:13:59'),
(1039, 6, 12, '2020-09-01 15:13:59', '2020-09-01 15:13:59'),
(1040, 6, 15, '2020-09-01 15:13:59', '2020-09-01 15:13:59'),
(1041, 6, 16, '2020-09-01 15:13:59', '2020-09-01 15:13:59'),
(1042, 6, 17, '2020-09-01 15:13:59', '2020-09-01 15:13:59'),
(1043, 6, 18, '2020-09-01 15:13:59', '2020-09-01 15:13:59'),
(1044, 6, 19, '2020-09-01 15:13:59', '2020-09-01 15:13:59'),
(1045, 6, 20, '2020-09-01 15:13:59', '2020-09-01 15:13:59'),
(1131, 14, 1, '2020-09-01 18:45:22', '2020-09-01 18:45:22'),
(1132, 14, 2, '2020-09-01 18:45:22', '2020-09-01 18:45:22'),
(1133, 14, 3, '2020-09-01 18:45:22', '2020-09-01 18:45:22'),
(1134, 14, 4, '2020-09-01 18:45:22', '2020-09-01 18:45:22'),
(1135, 14, 5, '2020-09-01 18:45:22', '2020-09-01 18:45:22'),
(1136, 14, 6, '2020-09-01 18:45:22', '2020-09-01 18:45:22'),
(1137, 14, 7, '2020-09-01 18:45:22', '2020-09-01 18:45:22'),
(1138, 14, 8, '2020-09-01 18:45:22', '2020-09-01 18:45:22'),
(1139, 14, 9, '2020-09-01 18:45:22', '2020-09-01 18:45:22'),
(1140, 14, 10, '2020-09-01 18:45:22', '2020-09-01 18:45:22'),
(1141, 14, 11, '2020-09-01 18:45:22', '2020-09-01 18:45:22'),
(1142, 14, 12, '2020-09-01 18:45:22', '2020-09-01 18:45:22'),
(1143, 14, 13, '2020-09-01 18:45:22', '2020-09-01 18:45:22'),
(1144, 14, 14, '2020-09-01 18:45:22', '2020-09-01 18:45:22'),
(1145, 14, 15, '2020-09-01 18:45:22', '2020-09-01 18:45:22'),
(1146, 14, 16, '2020-09-01 18:45:22', '2020-09-01 18:45:22'),
(1147, 14, 17, '2020-09-01 18:45:22', '2020-09-01 18:45:22'),
(1148, 14, 18, '2020-09-01 18:45:22', '2020-09-01 18:45:22'),
(1149, 14, 19, '2020-09-01 18:45:22', '2020-09-01 18:45:22'),
(1150, 14, 20, '2020-09-01 18:45:22', '2020-09-01 18:45:22'),
(1151, 14, 21, '2020-09-01 18:45:22', '2020-09-01 18:45:22'),
(1152, 14, 22, '2020-09-01 18:45:22', '2020-09-01 18:45:22'),
(1153, 14, 23, '2020-09-01 18:45:22', '2020-09-01 18:45:22'),
(1154, 14, 24, '2020-09-01 18:45:22', '2020-09-01 18:45:22'),
(1155, 14, 25, '2020-09-01 18:45:22', '2020-09-01 18:45:22'),
(1156, 14, 26, '2020-09-01 18:45:22', '2020-09-01 18:45:22'),
(1157, 14, 27, '2020-09-01 18:45:22', '2020-09-01 18:45:22'),
(1158, 14, 28, '2020-09-01 18:45:22', '2020-09-01 18:45:22'),
(1330, 11, 1, '2020-09-02 18:52:27', '2020-09-02 18:52:27'),
(1331, 11, 2, '2020-09-02 18:52:27', '2020-09-02 18:52:27'),
(1332, 11, 4, '2020-09-02 18:52:27', '2020-09-02 18:52:27'),
(1333, 11, 5, '2020-09-02 18:52:27', '2020-09-02 18:52:27'),
(1334, 11, 6, '2020-09-02 18:52:27', '2020-09-02 18:52:27'),
(1335, 11, 7, '2020-09-02 18:52:27', '2020-09-02 18:52:27'),
(1336, 11, 8, '2020-09-02 18:52:27', '2020-09-02 18:52:27'),
(1455, 17, 1, '2020-09-02 19:14:48', '2020-09-02 19:14:48'),
(1456, 17, 2, '2020-09-02 19:14:48', '2020-09-02 19:14:48'),
(1457, 17, 3, '2020-09-02 19:14:48', '2020-09-02 19:14:48'),
(1458, 17, 4, '2020-09-02 19:14:48', '2020-09-02 19:14:48'),
(1459, 17, 5, '2020-09-02 19:14:48', '2020-09-02 19:14:48'),
(1460, 17, 6, '2020-09-02 19:14:48', '2020-09-02 19:14:48'),
(1461, 17, 7, '2020-09-02 19:14:48', '2020-09-02 19:14:48'),
(1462, 17, 8, '2020-09-02 19:14:48', '2020-09-02 19:14:48'),
(1463, 17, 9, '2020-09-02 19:14:48', '2020-09-02 19:14:48'),
(1464, 17, 10, '2020-09-02 19:14:48', '2020-09-02 19:14:48'),
(1465, 17, 11, '2020-09-02 19:14:48', '2020-09-02 19:14:48'),
(1466, 17, 12, '2020-09-02 19:14:48', '2020-09-02 19:14:48'),
(1467, 17, 13, '2020-09-02 19:14:48', '2020-09-02 19:14:48'),
(1468, 17, 14, '2020-09-02 19:14:48', '2020-09-02 19:14:48'),
(1469, 17, 15, '2020-09-02 19:14:48', '2020-09-02 19:14:48'),
(1470, 17, 16, '2020-09-02 19:14:48', '2020-09-02 19:14:48'),
(1471, 17, 17, '2020-09-02 19:14:48', '2020-09-02 19:14:48'),
(1472, 7, 1, '2020-09-02 19:16:57', '2020-09-02 19:16:57'),
(1473, 7, 2, '2020-09-02 19:16:57', '2020-09-02 19:16:57'),
(1474, 7, 3, '2020-09-02 19:16:57', '2020-09-02 19:16:57'),
(1475, 7, 4, '2020-09-02 19:16:57', '2020-09-02 19:16:57'),
(1476, 7, 5, '2020-09-02 19:16:57', '2020-09-02 19:16:57'),
(1477, 7, 6, '2020-09-02 19:16:57', '2020-09-02 19:16:57'),
(1478, 7, 7, '2020-09-02 19:16:57', '2020-09-02 19:16:57'),
(1479, 7, 8, '2020-09-02 19:16:57', '2020-09-02 19:16:57'),
(1480, 7, 9, '2020-09-02 19:16:57', '2020-09-02 19:16:57'),
(1481, 7, 10, '2020-09-02 19:16:57', '2020-09-02 19:16:57'),
(1482, 7, 11, '2020-09-02 19:16:57', '2020-09-02 19:16:57'),
(1483, 7, 12, '2020-09-02 19:16:57', '2020-09-02 19:16:57'),
(1484, 7, 13, '2020-09-02 19:16:57', '2020-09-02 19:16:57'),
(1485, 7, 14, '2020-09-02 19:16:57', '2020-09-02 19:16:57'),
(1486, 7, 15, '2020-09-02 19:16:57', '2020-09-02 19:16:57'),
(1487, 7, 16, '2020-09-02 19:16:57', '2020-09-02 19:16:57'),
(1488, 7, 17, '2020-09-02 19:16:57', '2020-09-02 19:16:57'),
(1489, 7, 18, '2020-09-02 19:16:57', '2020-09-02 19:16:57'),
(1490, 7, 19, '2020-09-02 19:16:57', '2020-09-02 19:16:57'),
(1491, 7, 20, '2020-09-02 19:16:57', '2020-09-02 19:16:57'),
(1492, 7, 21, '2020-09-02 19:16:57', '2020-09-02 19:16:57'),
(1493, 7, 22, '2020-09-02 19:16:57', '2020-09-02 19:16:57'),
(1494, 7, 23, '2020-09-02 19:16:57', '2020-09-02 19:16:57'),
(1495, 7, 24, '2020-09-02 19:16:57', '2020-09-02 19:16:57'),
(1496, 7, 25, '2020-09-02 19:16:57', '2020-09-02 19:16:57'),
(1497, 7, 26, '2020-09-02 19:16:57', '2020-09-02 19:16:57'),
(1498, 7, 27, '2020-09-02 19:16:57', '2020-09-02 19:16:57'),
(1499, 7, 28, '2020-09-02 19:16:57', '2020-09-02 19:16:57');

-- --------------------------------------------------------

--
-- Table structure for table `categories`
--

CREATE TABLE `categories` (
  `id` bigint(20) UNSIGNED NOT NULL,
  `name` varchar(255) COLLATE utf8mb4_unicode_ci NOT NULL,
  `deleted_at` timestamp NULL DEFAULT NULL,
  `created_at` timestamp NULL DEFAULT NULL,
  `updated_at` timestamp NULL DEFAULT NULL
) ENGINE=InnoDB DEFAULT CHARSET=utf8mb4 COLLATE=utf8mb4_unicode_ci;

--
-- Dumping data for table `categories`
--

INSERT INTO `categories` (`id`, `name`, `deleted_at`, `created_at`, `updated_at`) VALUES
(1, 'PHP', NULL, NULL, NULL),
(2, 'Python', NULL, NULL, NULL),
(3, 'C++', NULL, NULL, NULL),
(4, 'C#', NULL, NULL, NULL),
(5, '.Net', NULL, NULL, NULL),
(6, 'Go', NULL, NULL, NULL),
(7, 'Magento ', NULL, NULL, NULL),
(8, 'Java', NULL, NULL, NULL),
(9, 'Laravel', NULL, NULL, NULL),
(10, 'Django', NULL, NULL, NULL),
(11, 'Flask', NULL, NULL, NULL),
(12, 'Ruby on Rail', NULL, NULL, NULL),
(13, 'Word Press', NULL, NULL, NULL),
(14, 'Spring boot', NULL, NULL, NULL),
(15, 'Micro services', NULL, NULL, NULL),
(16, 'Docker', NULL, NULL, NULL),
(17, 'DevOps', NULL, NULL, NULL),
(18, 'Network', NULL, NULL, NULL),
(19, 'Scala', NULL, NULL, NULL),
(20, 'Flutter', NULL, NULL, NULL),
(21, 'Node', NULL, NULL, NULL),
(22, 'React', NULL, NULL, NULL),
(23, 'Angular', NULL, NULL, NULL),
(24, 'Javascript', NULL, NULL, NULL),
(25, 'React Native', NULL, NULL, NULL),
(26, 'Android', NULL, NULL, NULL),
(27, 'Object C', NULL, NULL, NULL),
(28, 'C', NULL, NULL, NULL);

-- --------------------------------------------------------

--
-- Table structure for table `competition_photos`
--

CREATE TABLE `competition_photos` (
  `id` bigint(20) UNSIGNED NOT NULL,
  `user_id` bigint(20) UNSIGNED NOT NULL,
  `comp_id` varchar(255) COLLATE utf8mb4_unicode_ci NOT NULL,
  `photo_path` varchar(255) COLLATE utf8mb4_unicode_ci NOT NULL,
  `votes_count` bigint(20) NOT NULL DEFAULT 0,
  `is_winner` tinyint(4) NOT NULL DEFAULT 0,
  `state` varchar(255) COLLATE utf8mb4_unicode_ci NOT NULL DEFAULT '0',
  `state_id` bigint(20) UNSIGNED NOT NULL,
  `country` varchar(255) COLLATE utf8mb4_unicode_ci NOT NULL,
  `country_id` bigint(20) UNSIGNED NOT NULL,
  `deleted_at` timestamp NULL DEFAULT NULL,
  `created_at` timestamp NULL DEFAULT NULL,
  `updated_at` timestamp NULL DEFAULT NULL
) ENGINE=InnoDB DEFAULT CHARSET=utf8mb4 COLLATE=utf8mb4_unicode_ci;

--
-- Dumping data for table `competition_photos`
--

INSERT INTO `competition_photos` (`id`, `user_id`, `comp_id`, `photo_path`, `votes_count`, `is_winner`, `state`, `state_id`, `country`, `country_id`, `deleted_at`, `created_at`, `updated_at`) VALUES
(1, 6, '092020', '6_092020.jpg', 1, 0, 'UP', 1, 'India', 3, NULL, '2020-09-29 12:12:11', '2020-09-29 12:36:49');

-- --------------------------------------------------------

--
-- Table structure for table `countries`
--

CREATE TABLE `countries` (
  `id` bigint(20) UNSIGNED NOT NULL,
  `name` varchar(255) COLLATE utf8mb4_unicode_ci NOT NULL,
  `created_at` timestamp NULL DEFAULT NULL,
  `updated_at` timestamp NULL DEFAULT NULL,
  `deleted_at` timestamp NULL DEFAULT NULL
) ENGINE=InnoDB DEFAULT CHARSET=utf8mb4 COLLATE=utf8mb4_unicode_ci;

--
-- Dumping data for table `countries`
--

INSERT INTO `countries` (`id`, `name`, `created_at`, `updated_at`, `deleted_at`) VALUES
(3, 'India', '2020-09-29 11:22:44', '2020-09-29 11:22:44', NULL),
(4, 'Indiaa', '2020-09-29 11:24:21', '2020-09-29 11:24:21', NULL),
(5, 'Indiaaa', '2020-09-29 11:27:33', '2020-09-29 11:27:33', NULL),
(6, 'Indiaaaa', '2020-09-29 11:28:46', '2020-09-29 11:28:46', NULL),
(7, 'Indiaaaaa', '2020-09-29 11:29:10', '2020-09-29 11:29:10', NULL);

-- --------------------------------------------------------

--
-- Table structure for table `fcm_tokens`
--

CREATE TABLE `fcm_tokens` (
  `id` bigint(20) UNSIGNED NOT NULL,
  `user_id` bigint(20) UNSIGNED NOT NULL,
  `fcm_token` text COLLATE utf8mb4_unicode_ci DEFAULT NULL,
  `imei` text COLLATE utf8mb4_unicode_ci DEFAULT NULL,
  `created_at` timestamp NULL DEFAULT NULL,
  `updated_at` timestamp NULL DEFAULT NULL
) ENGINE=InnoDB DEFAULT CHARSET=utf8mb4 COLLATE=utf8mb4_unicode_ci;

-- --------------------------------------------------------

--
-- Table structure for table `feeds`
--

CREATE TABLE `feeds` (
  `id` bigint(20) UNSIGNED NOT NULL,
  `user_id` bigint(20) UNSIGNED NOT NULL,
  `feed_text` text COLLATE utf8mb4_unicode_ci DEFAULT NULL,
  `likes_count` int(11) NOT NULL DEFAULT 0,
  `share_count` int(11) NOT NULL DEFAULT 0,
  `value_added` varchar(255) COLLATE utf8mb4_unicode_ci NOT NULL DEFAULT '0',
  `status` tinyint(4) NOT NULL DEFAULT 0,
  `admin_comment` text COLLATE utf8mb4_unicode_ci DEFAULT NULL,
  `is_share` tinyint(4) NOT NULL DEFAULT 0,
  `shared_feed_id` varchar(255) COLLATE utf8mb4_unicode_ci DEFAULT NULL,
  `deleted_at` timestamp NULL DEFAULT NULL,
  `created_at` timestamp NULL DEFAULT NULL,
  `updated_at` timestamp NULL DEFAULT NULL
) ENGINE=InnoDB DEFAULT CHARSET=utf8mb4 COLLATE=utf8mb4_unicode_ci;

--
-- Dumping data for table `feeds`
--

INSERT INTO `feeds` (`id`, `user_id`, `feed_text`, `likes_count`, `share_count`, `value_added`, `status`, `admin_comment`, `is_share`, `shared_feed_id`, `deleted_at`, `created_at`, `updated_at`) VALUES
(1, 6, 'Uploading first feed', 0, 0, '0', 0, NULL, 0, NULL, NULL, '2020-08-30 14:53:41', '2020-08-30 14:53:41'),
(2, 6, 'Uploading first feed', 0, 0, '0', 0, NULL, 0, NULL, NULL, '2020-08-30 15:45:59', '2020-08-30 15:45:59'),
(3, 10, 'Hey checkout this images', 0, 0, '0', 0, NULL, 0, NULL, NULL, '2020-08-30 20:48:13', '2020-08-30 20:48:13'),
(4, 10, 'Dur kahi din dhal jaye', 0, 0, '0', 0, NULL, 0, NULL, NULL, '2020-08-30 20:50:53', '2020-09-04 18:08:31'),
(5, 10, 'Deleting post', 0, 0, '0', 0, NULL, 0, NULL, '2020-08-30 21:02:43', '2020-08-30 20:55:46', '2020-08-30 21:02:43'),
(6, 10, 'Deleting post 1', 0, 0, '0', 0, NULL, 0, NULL, '2020-08-30 21:06:34', '2020-08-30 21:04:06', '2020-08-30 21:06:34'),
(7, 10, 'deleting with data', 0, 0, '0', 0, NULL, 0, NULL, NULL, '2020-08-30 21:12:18', '2020-08-30 21:12:18'),
(8, 6, 'Uploading first feed', 0, 0, '0', 0, NULL, 0, NULL, NULL, '2020-09-01 19:50:46', '2020-09-01 19:50:46'),
(9, 10, NULL, 0, 0, '0', 0, NULL, 0, NULL, NULL, '2020-09-02 03:50:26', '2020-09-02 03:50:26'),
(10, 6, 'Uploading first feed', 0, 0, '0', 0, NULL, 0, NULL, NULL, '2020-09-02 17:12:16', '2020-09-02 17:12:16'),
(11, 7, 'Uploading first feed', 0, 0, '0', 0, NULL, 0, NULL, NULL, '2020-09-02 17:22:05', '2020-09-02 17:22:05'),
(12, 7, 'Uploading first feed', 0, 0, '0', 0, NULL, 0, NULL, '2020-09-02 17:24:02', '2020-09-02 17:23:05', '2020-09-02 17:24:02'),
(13, 7, 'Uploading first feed', 0, 0, '0', 0, NULL, 0, NULL, NULL, '2020-09-02 17:24:34', '2020-09-02 17:24:34'),
(14, 7, 'Uploading first feed', 0, 0, '0', 0, NULL, 0, NULL, NULL, '2020-09-02 17:24:41', '2020-09-02 17:24:41'),
(15, 7, 'Uploading first feed', 0, 0, '0', 0, NULL, 0, NULL, NULL, '2020-09-02 17:25:15', '2020-09-02 17:25:15'),
(16, 7, 'Uploading first feed', 0, 0, '0', 0, NULL, 0, NULL, '2020-09-02 17:27:14', '2020-09-02 17:26:06', '2020-09-02 17:27:14'),
(17, 7, 'Uploading first feed', 0, 0, '0', 0, NULL, 0, NULL, NULL, '2020-09-02 17:39:39', '2020-09-02 17:39:39'),
(18, 7, 'Uploading first feed', 0, 0, '0', 0, NULL, 0, NULL, NULL, '2020-09-02 17:39:42', '2020-09-02 17:39:42'),
(19, 7, 'Uploading first feed', 0, 0, '0', 0, NULL, 0, NULL, NULL, '2020-09-02 17:40:42', '2020-09-02 17:40:42'),
(20, 7, 'Uploading first feed  Uploading first feed Uploading first feed', 0, 0, '0', 0, NULL, 0, NULL, NULL, '2020-09-04 05:50:07', '2020-09-04 05:50:07'),
(21, 7, 'Uploading first feed  Uploading first feed Uploading first feed', 0, 0, '0', 0, NULL, 0, NULL, NULL, '2020-09-04 05:59:55', '2020-09-04 05:59:55'),
(22, 7, 'Uploading first feed  Uploading first feed Uploading first feed', 0, 0, '0', 0, NULL, 0, NULL, NULL, '2020-09-04 06:00:00', '2020-09-04 06:00:00'),
(23, 7, 'Uploading first feed  Uploading first feed Uploading first feed', 0, 0, '0', 0, NULL, 0, NULL, NULL, '2020-09-04 06:08:25', '2020-09-04 06:12:42'),
(24, 7, 'Uploading first feed  Uploading first feed Uploading first feed', 1, 0, '0', 1, NULL, 0, NULL, NULL, '2020-09-04 06:08:42', '2020-09-26 02:47:22'),
(25, 7, 'Uploading first feed  Uploading first feed Uploading first feed', 0, 0, '0', 2, NULL, 0, NULL, NULL, '2020-09-04 06:17:14', '2020-09-26 02:46:23'),
(26, 7, 'Uploading first feed  Uploading first feed Uploading first feed', 0, 0, '0', 1, NULL, 0, NULL, NULL, '2020-09-04 06:18:06', '2020-09-26 02:45:07');

-- --------------------------------------------------------

--
-- Table structure for table `feed_comments`
--

CREATE TABLE `feed_comments` (
  `id` bigint(20) UNSIGNED NOT NULL,
  `feed_id` bigint(20) UNSIGNED NOT NULL,
  `user_id` bigint(20) UNSIGNED NOT NULL,
  `comment` text COLLATE utf8mb4_unicode_ci DEFAULT NULL,
  `deleted_at` timestamp NULL DEFAULT NULL,
  `created_at` timestamp NULL DEFAULT NULL,
  `updated_at` timestamp NULL DEFAULT NULL
) ENGINE=InnoDB DEFAULT CHARSET=utf8mb4 COLLATE=utf8mb4_unicode_ci;

--
-- Dumping data for table `feed_comments`
--

INSERT INTO `feed_comments` (`id`, `feed_id`, `user_id`, `comment`, `deleted_at`, `created_at`, `updated_at`) VALUES
(1, 4, 10, 'Yes , you are right It is beautiful', NULL, '2020-08-30 21:23:20', '2020-08-30 21:23:20'),
(2, 4, 10, 'Nature is beautiful', NULL, '2020-08-30 21:24:07', '2020-08-30 21:24:07'),
(3, 4, 10, 'The deleteing comment', '2020-08-30 21:26:31', '2020-08-30 21:24:31', '2020-08-30 21:26:31'),
(4, 18, 7, 'Yes , I am verify excited !!!!!!!', '2020-09-02 17:40:13', '2020-09-02 17:39:55', '2020-09-02 17:40:13'),
(5, 18, 7, 'Yes , I am verify excited !!!!!!!', NULL, '2020-09-02 17:40:21', '2020-09-02 17:40:21'),
(6, 18, 7, 'Yes , I am verify excited !!!!!!!', NULL, '2020-09-02 17:40:48', '2020-09-02 17:40:48'),
(7, 22, 7, 'Yes , you need to try first', '2020-09-04 06:02:18', '2020-09-04 06:01:50', '2020-09-04 06:02:18'),
(8, 22, 7, 'Yes , you need to try first', '2020-09-04 06:14:39', '2020-09-04 06:13:27', '2020-09-04 06:14:39');

-- --------------------------------------------------------

--
-- Table structure for table `feed_images`
--

CREATE TABLE `feed_images` (
  `id` bigint(20) UNSIGNED NOT NULL,
  `feed_id` bigint(20) UNSIGNED NOT NULL,
  `image_path` varchar(255) COLLATE utf8mb4_unicode_ci NOT NULL,
  `deleted_at` timestamp NULL DEFAULT NULL,
  `created_at` timestamp NULL DEFAULT NULL,
  `updated_at` timestamp NULL DEFAULT NULL
) ENGINE=InnoDB DEFAULT CHARSET=utf8mb4 COLLATE=utf8mb4_unicode_ci;

--
-- Dumping data for table `feed_images`
--

INSERT INTO `feed_images` (`id`, `feed_id`, `image_path`, `deleted_at`, `created_at`, `updated_at`) VALUES
(1, 1, '1/images/15987992210.jpg|1/images/15987992211.jpg|1/images/15987992212.jpg', NULL, '2020-08-30 14:53:41', '2020-08-30 14:53:41'),
(2, 2, '2/images/15988023590.jpg|2/images/15988023591.jpg|2/images/15988023592.jpg', NULL, '2020-08-30 15:45:59', '2020-08-30 15:45:59'),
(3, 3, '3/images/15988204930.jpg', NULL, '2020-08-30 20:48:13', '2020-08-30 20:48:13'),
(4, 4, '4/images/15988206530.jpg|4/images/15988206531.jpg|4/images/15988206532.jpg', NULL, '2020-08-30 20:50:53', '2020-08-30 20:50:53'),
(5, 5, '5/images/15988209460.jpg', '2020-08-30 21:02:43', '2020-08-30 20:55:46', '2020-08-30 21:02:43'),
(6, 7, '7/images/15988219380.jpg', NULL, '2020-08-30 21:12:18', '2020-08-30 21:12:18'),
(7, 12, '12/images/15990673850.jpg', '2020-09-02 17:24:02', '2020-09-02 17:23:05', '2020-09-02 17:24:02'),
(8, 13, '13/images/15990674750.jpg', NULL, '2020-09-02 17:24:35', '2020-09-02 17:24:35'),
(9, 14, '14/images/15990674810.jpg', NULL, '2020-09-02 17:24:41', '2020-09-02 17:24:41'),
(10, 15, '15/images/15990675150.jpg', NULL, '2020-09-02 17:25:15', '2020-09-02 17:25:15'),
(11, 16, '16/images/15990675660.jpg', '2020-09-02 17:27:14', '2020-09-02 17:26:06', '2020-09-02 17:27:14'),
(12, 17, '17/images/15990683790.jpg', NULL, '2020-09-02 17:39:39', '2020-09-02 17:39:39'),
(13, 18, '18/images/15990683820.jpg', NULL, '2020-09-02 17:39:42', '2020-09-02 17:39:42'),
(14, 19, '19/images/15990684420.jpg', NULL, '2020-09-02 17:40:42', '2020-09-02 17:40:42'),
(15, 20, '20/images/15991986070.jpg|20/images/15991986071.png|20/images/15991986072.jpg', NULL, '2020-09-04 05:50:07', '2020-09-04 05:50:07'),
(16, 24, '24/images/15991997220.png|24/images/15991997221.png|24/images/15991997222.png', NULL, '2020-09-04 06:08:45', '2020-09-04 06:08:45'),
(17, 25, '25/images/15992002340.png', NULL, '2020-09-04 06:17:14', '2020-09-04 06:17:14'),
(18, 26, '26/images/15992002860.png', NULL, '2020-09-04 06:18:06', '2020-09-04 06:18:06');

-- --------------------------------------------------------

--
-- Table structure for table `feed_likes`
--

CREATE TABLE `feed_likes` (
  `id` bigint(20) UNSIGNED NOT NULL,
  `feed_id` bigint(20) UNSIGNED NOT NULL,
  `user_id` bigint(20) UNSIGNED NOT NULL,
  `deleted_at` timestamp NULL DEFAULT NULL,
  `created_at` timestamp NULL DEFAULT NULL,
  `updated_at` timestamp NULL DEFAULT NULL
) ENGINE=InnoDB DEFAULT CHARSET=utf8mb4 COLLATE=utf8mb4_unicode_ci;

--
-- Dumping data for table `feed_likes`
--

INSERT INTO `feed_likes` (`id`, `feed_id`, `user_id`, `deleted_at`, `created_at`, `updated_at`) VALUES
(1, 4, 10, '2020-08-30 21:20:37', '2020-08-30 21:19:44', '2020-08-30 21:20:37'),
(2, 24, 7, NULL, '2020-09-04 06:10:34', '2020-09-04 06:10:34'),
(3, 23, 7, '2020-09-04 06:12:42', '2020-09-04 06:12:02', '2020-09-04 06:12:42'),
(4, 4, 10, '2020-09-04 18:08:31', '2020-09-04 18:07:53', '2020-09-04 18:08:31');

-- --------------------------------------------------------

--
-- Table structure for table `feed_value_addeds`
--

CREATE TABLE `feed_value_addeds` (
  `id` bigint(20) UNSIGNED NOT NULL,
  `feed_id` bigint(20) UNSIGNED NOT NULL,
  `user_id` bigint(20) UNSIGNED NOT NULL,
  `deleted_at` timestamp NULL DEFAULT NULL,
  `created_at` timestamp NULL DEFAULT NULL,
  `updated_at` timestamp NULL DEFAULT NULL
) ENGINE=InnoDB DEFAULT CHARSET=utf8mb4 COLLATE=utf8mb4_unicode_ci;

-- --------------------------------------------------------

--
-- Table structure for table `feed_videos`
--

CREATE TABLE `feed_videos` (
  `id` bigint(20) UNSIGNED NOT NULL,
  `feed_id` bigint(20) UNSIGNED NOT NULL,
  `video_path` varchar(255) COLLATE utf8mb4_unicode_ci NOT NULL,
  `deleted_at` timestamp NULL DEFAULT NULL,
  `created_at` timestamp NULL DEFAULT NULL,
  `updated_at` timestamp NULL DEFAULT NULL
) ENGINE=InnoDB DEFAULT CHARSET=utf8mb4 COLLATE=utf8mb4_unicode_ci;

--
-- Dumping data for table `feed_videos`
--

INSERT INTO `feed_videos` (`id`, `feed_id`, `video_path`, `deleted_at`, `created_at`, `updated_at`) VALUES
(1, 1, '1/videos/1598799221.mp4', NULL, '2020-08-30 14:53:45', '2020-08-30 14:53:45'),
(2, 2, '2/videos/1598802359.mp4', NULL, '2020-08-30 15:45:59', '2020-08-30 15:45:59'),
(3, 4, '4/videos/1598820653.mp4', NULL, '2020-08-30 20:50:56', '2020-08-30 20:50:56'),
(4, 7, '7/videos/1598821938.mp4', NULL, '2020-08-30 21:12:23', '2020-08-30 21:12:23');

-- --------------------------------------------------------

--
-- Table structure for table `friend_connections`
--

CREATE TABLE `friend_connections` (
  `id` bigint(20) UNSIGNED NOT NULL,
  `requester_id` varchar(255) COLLATE utf8mb4_unicode_ci NOT NULL,
  `requestee_id` varchar(255) COLLATE utf8mb4_unicode_ci NOT NULL,
  `status` tinyint(4) NOT NULL DEFAULT 0,
  `created_at` timestamp NULL DEFAULT NULL,
  `updated_at` timestamp NULL DEFAULT NULL
) ENGINE=InnoDB DEFAULT CHARSET=utf8mb4 COLLATE=utf8mb4_unicode_ci;

--
-- Dumping data for table `friend_connections`
--

INSERT INTO `friend_connections` (`id`, `requester_id`, `requestee_id`, `status`, `created_at`, `updated_at`) VALUES
(1, '11', '7', 5, '2020-09-02 18:46:09', '2020-09-02 18:46:29'),
(2, '12', '7', 1, '2020-09-02 18:53:03', '2020-09-02 19:04:54'),
(3, '12', '10', 0, '2020-09-02 18:53:09', '2020-09-02 18:53:09'),
(4, '16', '7', 3, '2020-09-02 18:53:34', '2020-09-02 19:06:20'),
(5, '13', '7', 1, '2020-09-02 18:54:01', '2020-09-02 19:05:37'),
(6, '14', '7', 2, '2020-09-02 18:54:27', '2020-09-02 19:07:17'),
(7, '17', '7', 5, '2020-09-02 18:54:50', '2020-09-02 19:11:04'),
(8, '15', '7', 1, '2020-09-02 18:55:13', '2020-09-02 19:06:56'),
(9, '7', '10', 0, '2020-09-02 18:57:28', '2020-09-02 18:57:28'),
(10, '7', '6', 1, '2020-09-02 18:57:29', '2020-09-02 19:16:43'),
(11, '3', '6', 1, '2020-09-03 19:34:57', '2020-09-03 19:53:42'),
(12, '10', '6', 1, '2020-09-03 19:34:57', '2020-09-03 19:53:42');

-- --------------------------------------------------------

--
-- Table structure for table `messages`
--

CREATE TABLE `messages` (
  `id` bigint(20) UNSIGNED NOT NULL,
  `from_user` bigint(20) UNSIGNED NOT NULL,
  `to_user` bigint(20) UNSIGNED NOT NULL,
  `message` text COLLATE utf8mb4_unicode_ci DEFAULT NULL,
  `is_read` tinyint(4) NOT NULL DEFAULT 0,
  `deleted_at` timestamp NULL DEFAULT NULL,
  `created_at` timestamp NULL DEFAULT NULL,
  `updated_at` timestamp NULL DEFAULT NULL
) ENGINE=InnoDB DEFAULT CHARSET=utf8mb4 COLLATE=utf8mb4_unicode_ci;

-- --------------------------------------------------------

--
-- Table structure for table `migrations`
--

CREATE TABLE `migrations` (
  `id` int(10) UNSIGNED NOT NULL,
  `migration` varchar(255) COLLATE utf8mb4_unicode_ci NOT NULL,
  `batch` int(11) NOT NULL
) ENGINE=InnoDB DEFAULT CHARSET=utf8mb4 COLLATE=utf8mb4_unicode_ci;

--
-- Dumping data for table `migrations`
--

INSERT INTO `migrations` (`id`, `migration`, `batch`) VALUES
(1, '2014_10_12_000000_create_users_table', 1),
(2, '2014_10_12_100000_create_password_resets_table', 1),
(3, '2020_08_13_191704_create_registrations_table', 1),
(4, '2020_08_20_002530_add_soft_delete_to_user', 2),
(5, '2020_08_20_003246_create_user_profiles_table', 2),
(6, '2020_08_21_212339_create_categories_table', 3),
(7, '2020_08_21_215629_create_friend_connections_table', 3),
(10, '2020_08_22_062720_create_can_help_withs_table', 4),
(11, '2020_08_22_063239_create_need_help_withs_table', 4),
(12, '2020_08_23_183033_add_otp_expiry_to_password_reset', 5),
(13, '2020_08_30_064554_create_feeds_table', 6),
(14, '2020_08_30_065113_create_feed_images_table', 6),
(15, '2020_08_30_065214_create_feed_videos_table', 6),
(16, '2020_08_30_065237_create_feed_likes_table', 6),
(17, '2020_08_30_065320_create_feed_value_addeds_table', 6),
(18, '2020_08_30_065352_create_feed_comments_table', 6),
(19, '2020_09_05_083816_create_messages_table', 7),
(22, '2020_09_17_185153_create_fcm_token_table', 9),
(24, '2020_09_20_030338_create_admin_password_resets_table', 10),
(25, '2020_09_16_170625_create_admins_table', 11),
(26, '2020_09_27_134149_create_states_table', 12),
(27, '2020_09_27_134439_create_countries_table', 12),
(28, '2020_09_27_134925_create_competition_photos_table', 12),
(29, '2020_09_27_134950_create_photo_votes_table', 12),
(30, '2020_09_27_135033_create_reported_issues_table', 12),
(31, '2020_09_27_142354_add_col_to_user_profile', 13);

-- --------------------------------------------------------

--
-- Table structure for table `need_help_withs`
--

CREATE TABLE `need_help_withs` (
  `id` bigint(20) UNSIGNED NOT NULL,
  `user_id` bigint(20) UNSIGNED NOT NULL,
  `category_id` bigint(20) UNSIGNED NOT NULL,
  `created_at` timestamp NULL DEFAULT NULL,
  `updated_at` timestamp NULL DEFAULT NULL
) ENGINE=InnoDB DEFAULT CHARSET=utf8mb4 COLLATE=utf8mb4_unicode_ci;

--
-- Dumping data for table `need_help_withs`
--

INSERT INTO `need_help_withs` (`id`, `user_id`, `category_id`, `created_at`, `updated_at`) VALUES
(87, 10, 1, '2020-08-26 18:09:53', '2020-08-26 18:09:53'),
(88, 10, 2, '2020-08-26 18:09:53', '2020-08-26 18:09:53'),
(89, 10, 3, '2020-08-26 18:09:53', '2020-08-26 18:09:53'),
(90, 10, 4, '2020-08-26 18:09:53', '2020-08-26 18:09:53'),
(91, 10, 5, '2020-08-26 18:09:53', '2020-08-26 18:09:53'),
(92, 10, 6, '2020-08-26 18:09:53', '2020-08-26 18:09:53'),
(93, 10, 7, '2020-08-26 18:09:53', '2020-08-26 18:09:53'),
(94, 10, 8, '2020-08-26 18:09:53', '2020-08-26 18:09:53'),
(95, 10, 9, '2020-08-26 18:09:53', '2020-08-26 18:09:53'),
(96, 10, 10, '2020-08-26 18:09:53', '2020-08-26 18:09:53'),
(97, 10, 11, '2020-08-26 18:09:53', '2020-08-26 18:09:53'),
(98, 10, 12, '2020-08-26 18:09:53', '2020-08-26 18:09:53'),
(99, 10, 13, '2020-08-26 18:09:53', '2020-08-26 18:09:53'),
(100, 10, 14, '2020-08-26 18:09:53', '2020-08-26 18:09:53'),
(101, 10, 15, '2020-08-26 18:09:53', '2020-08-26 18:09:53'),
(102, 10, 16, '2020-08-26 18:09:53', '2020-08-26 18:09:53'),
(103, 10, 17, '2020-08-26 18:09:53', '2020-08-26 18:09:53'),
(104, 10, 18, '2020-08-26 18:09:53', '2020-08-26 18:09:53'),
(105, 10, 19, '2020-08-26 18:09:53', '2020-08-26 18:09:53'),
(106, 10, 20, '2020-08-26 18:09:53', '2020-08-26 18:09:53'),
(107, 10, 21, '2020-08-26 18:09:53', '2020-08-26 18:09:53'),
(108, 10, 22, '2020-08-26 18:09:53', '2020-08-26 18:09:53'),
(109, 10, 23, '2020-08-26 18:09:53', '2020-08-26 18:09:53'),
(110, 10, 24, '2020-08-26 18:09:53', '2020-08-26 18:09:53'),
(111, 10, 25, '2020-08-26 18:09:53', '2020-08-26 18:09:53'),
(112, 10, 26, '2020-08-26 18:09:53', '2020-08-26 18:09:53'),
(113, 10, 27, '2020-08-26 18:09:53', '2020-08-26 18:09:53'),
(114, 10, 28, '2020-08-26 18:09:53', '2020-08-26 18:09:53'),
(192, 9, 1, '2020-08-30 06:31:07', '2020-08-30 06:31:07'),
(193, 9, 2, '2020-08-30 06:31:07', '2020-08-30 06:31:07'),
(194, 9, 3, '2020-08-30 06:31:07', '2020-08-30 06:31:07'),
(195, 9, 5, '2020-08-30 06:31:07', '2020-08-30 06:31:07'),
(196, 9, 8, '2020-08-30 06:31:07', '2020-08-30 06:31:07'),
(197, 9, 9, '2020-08-30 06:31:07', '2020-08-30 06:31:07'),
(198, 9, 11, '2020-08-30 06:31:07', '2020-08-30 06:31:07'),
(199, 9, 12, '2020-08-30 06:31:07', '2020-08-30 06:31:07'),
(200, 9, 13, '2020-08-30 06:31:07', '2020-08-30 06:31:07'),
(201, 9, 14, '2020-08-30 06:31:07', '2020-08-30 06:31:07'),
(444, 15, 1, '2020-08-30 13:30:03', '2020-08-30 13:30:03'),
(445, 15, 2, '2020-08-30 13:30:03', '2020-08-30 13:30:03'),
(446, 15, 3, '2020-08-30 13:30:03', '2020-08-30 13:30:03'),
(447, 15, 4, '2020-08-30 13:30:03', '2020-08-30 13:30:03'),
(448, 15, 5, '2020-08-30 13:30:03', '2020-08-30 13:30:03'),
(449, 15, 6, '2020-08-30 13:30:03', '2020-08-30 13:30:03'),
(450, 15, 7, '2020-08-30 13:30:03', '2020-08-30 13:30:03'),
(451, 15, 8, '2020-08-30 13:30:03', '2020-08-30 13:30:03'),
(452, 15, 9, '2020-08-30 13:30:03', '2020-08-30 13:30:03'),
(453, 15, 10, '2020-08-30 13:30:03', '2020-08-30 13:30:03'),
(454, 15, 11, '2020-08-30 13:30:03', '2020-08-30 13:30:03'),
(455, 15, 12, '2020-08-30 13:30:03', '2020-08-30 13:30:03'),
(456, 15, 13, '2020-08-30 13:30:03', '2020-08-30 13:30:03'),
(457, 15, 15, '2020-08-30 13:30:03', '2020-08-30 13:30:03'),
(458, 15, 16, '2020-08-30 13:30:03', '2020-08-30 13:30:03'),
(459, 15, 17, '2020-08-30 13:30:03', '2020-08-30 13:30:03'),
(460, 15, 18, '2020-08-30 13:30:03', '2020-08-30 13:30:03'),
(461, 15, 19, '2020-08-30 13:30:03', '2020-08-30 13:30:03'),
(462, 15, 20, '2020-08-30 13:30:03', '2020-08-30 13:30:03'),
(463, 15, 21, '2020-08-30 13:30:03', '2020-08-30 13:30:03'),
(464, 15, 22, '2020-08-30 13:30:03', '2020-08-30 13:30:03'),
(465, 15, 23, '2020-08-30 13:30:03', '2020-08-30 13:30:03'),
(466, 15, 24, '2020-08-30 13:30:03', '2020-08-30 13:30:03'),
(467, 15, 25, '2020-08-30 13:30:03', '2020-08-30 13:30:03'),
(468, 15, 26, '2020-08-30 13:30:03', '2020-08-30 13:30:03'),
(469, 15, 27, '2020-08-30 13:30:03', '2020-08-30 13:30:03'),
(570, 12, 1, '2020-08-31 18:47:52', '2020-08-31 18:47:52'),
(571, 12, 2, '2020-08-31 18:47:52', '2020-08-31 18:47:52'),
(572, 12, 3, '2020-08-31 18:47:52', '2020-08-31 18:47:52'),
(573, 12, 4, '2020-08-31 18:47:52', '2020-08-31 18:47:52'),
(574, 12, 5, '2020-08-31 18:47:52', '2020-08-31 18:47:52'),
(575, 12, 6, '2020-08-31 18:47:52', '2020-08-31 18:47:52'),
(576, 12, 7, '2020-08-31 18:47:52', '2020-08-31 18:47:52'),
(577, 12, 8, '2020-08-31 18:47:52', '2020-08-31 18:47:52'),
(578, 12, 9, '2020-08-31 18:47:52', '2020-08-31 18:47:52'),
(579, 12, 10, '2020-08-31 18:47:52', '2020-08-31 18:47:52'),
(580, 12, 11, '2020-08-31 18:47:52', '2020-08-31 18:47:52'),
(581, 12, 12, '2020-08-31 18:47:52', '2020-08-31 18:47:52'),
(582, 12, 13, '2020-08-31 18:47:52', '2020-08-31 18:47:52'),
(583, 12, 14, '2020-08-31 18:47:52', '2020-08-31 18:47:52'),
(584, 12, 15, '2020-08-31 18:47:52', '2020-08-31 18:47:52'),
(585, 12, 16, '2020-08-31 18:47:52', '2020-08-31 18:47:52'),
(677, 16, 1, '2020-08-31 18:56:08', '2020-08-31 18:56:08'),
(678, 16, 2, '2020-08-31 18:56:08', '2020-08-31 18:56:08'),
(679, 16, 3, '2020-08-31 18:56:08', '2020-08-31 18:56:08'),
(680, 16, 4, '2020-08-31 18:56:08', '2020-08-31 18:56:08'),
(681, 16, 5, '2020-08-31 18:56:08', '2020-08-31 18:56:08'),
(682, 16, 6, '2020-08-31 18:56:08', '2020-08-31 18:56:08'),
(683, 16, 7, '2020-08-31 18:56:08', '2020-08-31 18:56:08'),
(684, 16, 8, '2020-08-31 18:56:08', '2020-08-31 18:56:08'),
(685, 16, 9, '2020-08-31 18:56:08', '2020-08-31 18:56:08'),
(686, 16, 10, '2020-08-31 18:56:08', '2020-08-31 18:56:08'),
(687, 16, 11, '2020-08-31 18:56:08', '2020-08-31 18:56:08'),
(688, 16, 12, '2020-08-31 18:56:08', '2020-08-31 18:56:08'),
(689, 16, 13, '2020-08-31 18:56:08', '2020-08-31 18:56:08'),
(690, 16, 14, '2020-08-31 18:56:08', '2020-08-31 18:56:08'),
(691, 16, 15, '2020-08-31 18:56:08', '2020-08-31 18:56:08'),
(692, 16, 16, '2020-08-31 18:56:08', '2020-08-31 18:56:08'),
(693, 16, 17, '2020-08-31 18:56:08', '2020-08-31 18:56:08'),
(694, 16, 18, '2020-08-31 18:56:08', '2020-08-31 18:56:08'),
(695, 16, 19, '2020-08-31 18:56:08', '2020-08-31 18:56:08'),
(696, 16, 20, '2020-08-31 18:56:08', '2020-08-31 18:56:08'),
(697, 16, 21, '2020-08-31 18:56:08', '2020-08-31 18:56:08'),
(698, 16, 22, '2020-08-31 18:56:08', '2020-08-31 18:56:08'),
(699, 16, 23, '2020-08-31 18:56:08', '2020-08-31 18:56:08'),
(700, 16, 24, '2020-08-31 18:56:08', '2020-08-31 18:56:08'),
(701, 16, 25, '2020-08-31 18:56:08', '2020-08-31 18:56:08'),
(702, 16, 26, '2020-08-31 18:56:08', '2020-08-31 18:56:08'),
(703, 16, 27, '2020-08-31 18:56:08', '2020-08-31 18:56:08'),
(704, 16, 28, '2020-08-31 18:56:08', '2020-08-31 18:56:08'),
(733, 13, 3, '2020-08-31 19:01:34', '2020-08-31 19:01:34'),
(734, 13, 4, '2020-08-31 19:01:34', '2020-08-31 19:01:34'),
(735, 13, 5, '2020-08-31 19:01:34', '2020-08-31 19:01:34'),
(736, 13, 6, '2020-08-31 19:01:34', '2020-08-31 19:01:34'),
(737, 13, 7, '2020-08-31 19:01:34', '2020-08-31 19:01:34'),
(738, 13, 8, '2020-08-31 19:01:34', '2020-08-31 19:01:34'),
(739, 13, 9, '2020-08-31 19:01:34', '2020-08-31 19:01:34'),
(740, 13, 10, '2020-08-31 19:01:34', '2020-08-31 19:01:34'),
(741, 13, 11, '2020-08-31 19:01:34', '2020-08-31 19:01:34'),
(742, 13, 12, '2020-08-31 19:01:34', '2020-08-31 19:01:34'),
(743, 13, 13, '2020-08-31 19:01:34', '2020-08-31 19:01:34'),
(744, 13, 14, '2020-08-31 19:01:34', '2020-08-31 19:01:34'),
(745, 13, 15, '2020-08-31 19:01:34', '2020-08-31 19:01:34'),
(746, 13, 16, '2020-08-31 19:01:34', '2020-08-31 19:01:34'),
(747, 13, 17, '2020-08-31 19:01:34', '2020-08-31 19:01:34'),
(748, 13, 18, '2020-08-31 19:01:34', '2020-08-31 19:01:34'),
(749, 13, 19, '2020-08-31 19:01:34', '2020-08-31 19:01:34'),
(750, 13, 20, '2020-08-31 19:01:34', '2020-08-31 19:01:34'),
(751, 13, 21, '2020-08-31 19:01:34', '2020-08-31 19:01:34'),
(752, 13, 22, '2020-08-31 19:01:34', '2020-08-31 19:01:34'),
(753, 13, 23, '2020-08-31 19:01:34', '2020-08-31 19:01:34'),
(754, 13, 24, '2020-08-31 19:01:34', '2020-08-31 19:01:34'),
(755, 13, 25, '2020-08-31 19:01:34', '2020-08-31 19:01:34'),
(756, 13, 26, '2020-08-31 19:01:34', '2020-08-31 19:01:34'),
(757, 13, 27, '2020-08-31 19:01:34', '2020-08-31 19:01:34'),
(758, 3, 1, '2020-08-31 19:04:14', '2020-08-31 19:04:14'),
(759, 3, 2, '2020-08-31 19:04:14', '2020-08-31 19:04:14'),
(760, 3, 3, '2020-08-31 19:04:14', '2020-08-31 19:04:14'),
(761, 3, 4, '2020-08-31 19:04:14', '2020-08-31 19:04:14'),
(762, 3, 5, '2020-08-31 19:04:14', '2020-08-31 19:04:14'),
(763, 3, 6, '2020-08-31 19:04:14', '2020-08-31 19:04:14'),
(764, 3, 7, '2020-08-31 19:04:14', '2020-08-31 19:04:14'),
(765, 3, 8, '2020-08-31 19:04:14', '2020-08-31 19:04:14'),
(766, 3, 9, '2020-08-31 19:04:14', '2020-08-31 19:04:14'),
(767, 3, 10, '2020-08-31 19:04:14', '2020-08-31 19:04:14'),
(768, 3, 11, '2020-08-31 19:04:14', '2020-08-31 19:04:14'),
(769, 3, 12, '2020-08-31 19:04:14', '2020-08-31 19:04:14'),
(770, 3, 13, '2020-08-31 19:04:14', '2020-08-31 19:04:14'),
(771, 3, 14, '2020-08-31 19:04:14', '2020-08-31 19:04:14'),
(772, 3, 15, '2020-08-31 19:04:14', '2020-08-31 19:04:14'),
(773, 3, 16, '2020-08-31 19:04:14', '2020-08-31 19:04:14'),
(774, 3, 17, '2020-08-31 19:04:14', '2020-08-31 19:04:14'),
(775, 3, 18, '2020-08-31 19:04:14', '2020-08-31 19:04:14'),
(776, 3, 19, '2020-08-31 19:04:14', '2020-08-31 19:04:14'),
(777, 3, 20, '2020-08-31 19:04:14', '2020-08-31 19:04:14'),
(778, 3, 21, '2020-08-31 19:04:14', '2020-08-31 19:04:14'),
(779, 3, 22, '2020-08-31 19:04:14', '2020-08-31 19:04:14'),
(780, 3, 23, '2020-08-31 19:04:14', '2020-08-31 19:04:14'),
(781, 3, 24, '2020-08-31 19:04:14', '2020-08-31 19:04:14'),
(782, 3, 25, '2020-08-31 19:04:14', '2020-08-31 19:04:14'),
(783, 3, 26, '2020-08-31 19:04:14', '2020-08-31 19:04:14'),
(784, 3, 27, '2020-08-31 19:04:14', '2020-08-31 19:04:14'),
(785, 3, 28, '2020-08-31 19:04:14', '2020-08-31 19:04:14'),
(1008, 6, 1, '2020-09-01 15:13:59', '2020-09-01 15:13:59'),
(1009, 6, 2, '2020-09-01 15:13:59', '2020-09-01 15:13:59'),
(1010, 6, 3, '2020-09-01 15:13:59', '2020-09-01 15:13:59'),
(1011, 6, 4, '2020-09-01 15:13:59', '2020-09-01 15:13:59'),
(1012, 6, 5, '2020-09-01 15:13:59', '2020-09-01 15:13:59'),
(1013, 6, 6, '2020-09-01 15:13:59', '2020-09-01 15:13:59'),
(1014, 6, 7, '2020-09-01 15:13:59', '2020-09-01 15:13:59'),
(1015, 6, 8, '2020-09-01 15:13:59', '2020-09-01 15:13:59'),
(1016, 6, 9, '2020-09-01 15:13:59', '2020-09-01 15:13:59'),
(1017, 6, 10, '2020-09-01 15:13:59', '2020-09-01 15:13:59'),
(1018, 6, 11, '2020-09-01 15:13:59', '2020-09-01 15:13:59'),
(1019, 6, 12, '2020-09-01 15:13:59', '2020-09-01 15:13:59'),
(1020, 6, 13, '2020-09-01 15:13:59', '2020-09-01 15:13:59'),
(1021, 6, 14, '2020-09-01 15:13:59', '2020-09-01 15:13:59'),
(1022, 6, 15, '2020-09-01 15:13:59', '2020-09-01 15:13:59'),
(1023, 6, 16, '2020-09-01 15:13:59', '2020-09-01 15:13:59'),
(1024, 6, 17, '2020-09-01 15:13:59', '2020-09-01 15:13:59'),
(1025, 6, 18, '2020-09-01 15:13:59', '2020-09-01 15:13:59'),
(1026, 6, 19, '2020-09-01 15:13:59', '2020-09-01 15:13:59'),
(1027, 6, 20, '2020-09-01 15:13:59', '2020-09-01 15:13:59'),
(1028, 6, 21, '2020-09-01 15:13:59', '2020-09-01 15:13:59'),
(1029, 6, 22, '2020-09-01 15:13:59', '2020-09-01 15:13:59'),
(1030, 6, 23, '2020-09-01 15:13:59', '2020-09-01 15:13:59'),
(1031, 6, 24, '2020-09-01 15:13:59', '2020-09-01 15:13:59'),
(1032, 6, 25, '2020-09-01 15:13:59', '2020-09-01 15:13:59'),
(1033, 6, 26, '2020-09-01 15:13:59', '2020-09-01 15:13:59'),
(1034, 6, 27, '2020-09-01 15:13:59', '2020-09-01 15:13:59'),
(1035, 6, 28, '2020-09-01 15:13:59', '2020-09-01 15:13:59'),
(1121, 14, 1, '2020-09-01 18:45:22', '2020-09-01 18:45:22'),
(1122, 14, 2, '2020-09-01 18:45:22', '2020-09-01 18:45:22'),
(1123, 14, 4, '2020-09-01 18:45:22', '2020-09-01 18:45:22'),
(1124, 14, 5, '2020-09-01 18:45:22', '2020-09-01 18:45:22'),
(1125, 14, 7, '2020-09-01 18:45:22', '2020-09-01 18:45:22'),
(1126, 14, 8, '2020-09-01 18:45:22', '2020-09-01 18:45:22'),
(1127, 14, 9, '2020-09-01 18:45:22', '2020-09-01 18:45:22'),
(1128, 14, 10, '2020-09-01 18:45:22', '2020-09-01 18:45:22'),
(1129, 14, 11, '2020-09-01 18:45:22', '2020-09-01 18:45:22'),
(1130, 14, 12, '2020-09-01 18:45:22', '2020-09-01 18:45:22'),
(1131, 14, 13, '2020-09-01 18:45:22', '2020-09-01 18:45:22'),
(1132, 14, 14, '2020-09-01 18:45:22', '2020-09-01 18:45:22'),
(1133, 14, 15, '2020-09-01 18:45:22', '2020-09-01 18:45:22'),
(1134, 14, 16, '2020-09-01 18:45:22', '2020-09-01 18:45:22'),
(1135, 14, 17, '2020-09-01 18:45:22', '2020-09-01 18:45:22'),
(1136, 14, 18, '2020-09-01 18:45:22', '2020-09-01 18:45:22'),
(1137, 14, 19, '2020-09-01 18:45:22', '2020-09-01 18:45:22'),
(1138, 14, 20, '2020-09-01 18:45:22', '2020-09-01 18:45:22'),
(1139, 14, 21, '2020-09-01 18:45:22', '2020-09-01 18:45:22'),
(1140, 14, 22, '2020-09-01 18:45:22', '2020-09-01 18:45:22'),
(1141, 14, 23, '2020-09-01 18:45:22', '2020-09-01 18:45:22'),
(1142, 14, 24, '2020-09-01 18:45:22', '2020-09-01 18:45:22'),
(1143, 14, 25, '2020-09-01 18:45:22', '2020-09-01 18:45:22'),
(1463, 11, 1, '2020-09-02 18:52:27', '2020-09-02 18:52:27'),
(1464, 11, 2, '2020-09-02 18:52:27', '2020-09-02 18:52:27'),
(1465, 11, 3, '2020-09-02 18:52:27', '2020-09-02 18:52:27'),
(1466, 11, 4, '2020-09-02 18:52:27', '2020-09-02 18:52:27'),
(1467, 11, 5, '2020-09-02 18:52:27', '2020-09-02 18:52:27'),
(1468, 11, 6, '2020-09-02 18:52:27', '2020-09-02 18:52:27'),
(1469, 11, 7, '2020-09-02 18:52:27', '2020-09-02 18:52:27'),
(1470, 11, 8, '2020-09-02 18:52:27', '2020-09-02 18:52:27'),
(1471, 11, 9, '2020-09-02 18:52:27', '2020-09-02 18:52:27'),
(1472, 11, 10, '2020-09-02 18:52:27', '2020-09-02 18:52:27'),
(1613, 17, 1, '2020-09-02 19:14:48', '2020-09-02 19:14:48'),
(1614, 17, 2, '2020-09-02 19:14:48', '2020-09-02 19:14:48'),
(1615, 17, 3, '2020-09-02 19:14:48', '2020-09-02 19:14:48'),
(1616, 17, 4, '2020-09-02 19:14:48', '2020-09-02 19:14:48'),
(1617, 17, 5, '2020-09-02 19:14:48', '2020-09-02 19:14:48'),
(1618, 17, 6, '2020-09-02 19:14:48', '2020-09-02 19:14:48'),
(1619, 17, 7, '2020-09-02 19:14:48', '2020-09-02 19:14:48'),
(1620, 17, 8, '2020-09-02 19:14:48', '2020-09-02 19:14:48'),
(1621, 17, 9, '2020-09-02 19:14:48', '2020-09-02 19:14:48'),
(1622, 17, 10, '2020-09-02 19:14:48', '2020-09-02 19:14:48'),
(1623, 17, 11, '2020-09-02 19:14:48', '2020-09-02 19:14:48'),
(1624, 17, 12, '2020-09-02 19:14:48', '2020-09-02 19:14:48'),
(1625, 17, 13, '2020-09-02 19:14:48', '2020-09-02 19:14:48'),
(1626, 17, 14, '2020-09-02 19:14:48', '2020-09-02 19:14:48'),
(1627, 17, 15, '2020-09-02 19:14:48', '2020-09-02 19:14:48'),
(1628, 17, 16, '2020-09-02 19:14:48', '2020-09-02 19:14:48'),
(1629, 17, 17, '2020-09-02 19:14:48', '2020-09-02 19:14:48'),
(1630, 17, 18, '2020-09-02 19:14:48', '2020-09-02 19:14:48'),
(1631, 17, 19, '2020-09-02 19:14:48', '2020-09-02 19:14:48'),
(1632, 17, 20, '2020-09-02 19:14:48', '2020-09-02 19:14:48'),
(1633, 17, 21, '2020-09-02 19:14:48', '2020-09-02 19:14:48'),
(1634, 17, 22, '2020-09-02 19:14:48', '2020-09-02 19:14:48'),
(1635, 17, 23, '2020-09-02 19:14:48', '2020-09-02 19:14:48'),
(1636, 17, 24, '2020-09-02 19:14:48', '2020-09-02 19:14:48'),
(1637, 17, 25, '2020-09-02 19:14:48', '2020-09-02 19:14:48'),
(1638, 17, 26, '2020-09-02 19:14:48', '2020-09-02 19:14:48'),
(1639, 17, 27, '2020-09-02 19:14:48', '2020-09-02 19:14:48'),
(1640, 17, 28, '2020-09-02 19:14:48', '2020-09-02 19:14:48'),
(1641, 7, 1, '2020-09-02 19:16:57', '2020-09-02 19:16:57'),
(1642, 7, 2, '2020-09-02 19:16:57', '2020-09-02 19:16:57'),
(1643, 7, 3, '2020-09-02 19:16:57', '2020-09-02 19:16:57'),
(1644, 7, 4, '2020-09-02 19:16:57', '2020-09-02 19:16:57'),
(1645, 7, 5, '2020-09-02 19:16:57', '2020-09-02 19:16:57'),
(1646, 7, 6, '2020-09-02 19:16:57', '2020-09-02 19:16:57'),
(1647, 7, 7, '2020-09-02 19:16:57', '2020-09-02 19:16:57'),
(1648, 7, 8, '2020-09-02 19:16:57', '2020-09-02 19:16:57'),
(1649, 7, 9, '2020-09-02 19:16:57', '2020-09-02 19:16:57'),
(1650, 7, 10, '2020-09-02 19:16:57', '2020-09-02 19:16:57'),
(1651, 7, 11, '2020-09-02 19:16:57', '2020-09-02 19:16:57'),
(1652, 7, 12, '2020-09-02 19:16:57', '2020-09-02 19:16:57'),
(1653, 7, 13, '2020-09-02 19:16:57', '2020-09-02 19:16:57'),
(1654, 7, 14, '2020-09-02 19:16:57', '2020-09-02 19:16:57'),
(1655, 7, 15, '2020-09-02 19:16:57', '2020-09-02 19:16:57'),
(1656, 7, 16, '2020-09-02 19:16:57', '2020-09-02 19:16:57'),
(1657, 7, 17, '2020-09-02 19:16:57', '2020-09-02 19:16:57'),
(1658, 7, 18, '2020-09-02 19:16:57', '2020-09-02 19:16:57'),
(1659, 7, 19, '2020-09-02 19:16:57', '2020-09-02 19:16:57'),
(1660, 7, 20, '2020-09-02 19:16:57', '2020-09-02 19:16:57'),
(1661, 7, 21, '2020-09-02 19:16:57', '2020-09-02 19:16:57'),
(1662, 7, 22, '2020-09-02 19:16:57', '2020-09-02 19:16:57'),
(1663, 7, 23, '2020-09-02 19:16:57', '2020-09-02 19:16:57'),
(1664, 7, 24, '2020-09-02 19:16:57', '2020-09-02 19:16:57'),
(1665, 7, 25, '2020-09-02 19:16:57', '2020-09-02 19:16:57'),
(1666, 7, 26, '2020-09-02 19:16:57', '2020-09-02 19:16:57'),
(1667, 7, 27, '2020-09-02 19:16:57', '2020-09-02 19:16:57'),
(1668, 7, 28, '2020-09-02 19:16:57', '2020-09-02 19:16:57');

-- --------------------------------------------------------

--
-- Table structure for table `password_resets`
--

CREATE TABLE `password_resets` (
  `email` varchar(255) COLLATE utf8mb4_unicode_ci NOT NULL,
  `otp` varchar(255) COLLATE utf8mb4_unicode_ci NOT NULL,
  `created_at` timestamp NULL DEFAULT NULL,
  `otp_expiry` varchar(255) COLLATE utf8mb4_unicode_ci NOT NULL,
  `is_verify` varchar(255) COLLATE utf8mb4_unicode_ci NOT NULL DEFAULT '0'
) ENGINE=InnoDB DEFAULT CHARSET=utf8mb4 COLLATE=utf8mb4_unicode_ci;

-- --------------------------------------------------------

--
-- Table structure for table `photo_votes`
--

CREATE TABLE `photo_votes` (
  `id` bigint(20) UNSIGNED NOT NULL,
  `user_id` bigint(20) UNSIGNED NOT NULL,
  `photo_id` bigint(20) UNSIGNED NOT NULL,
  `deleted_at` timestamp NULL DEFAULT NULL,
  `created_at` timestamp NULL DEFAULT NULL,
  `updated_at` timestamp NULL DEFAULT NULL
) ENGINE=InnoDB DEFAULT CHARSET=utf8mb4 COLLATE=utf8mb4_unicode_ci;

--
-- Dumping data for table `photo_votes`
--

INSERT INTO `photo_votes` (`id`, `user_id`, `photo_id`, `deleted_at`, `created_at`, `updated_at`) VALUES
(1, 6, 1, NULL, '2020-09-29 12:36:48', '2020-09-29 12:36:48');

-- --------------------------------------------------------

--
-- Table structure for table `registrations`
--

CREATE TABLE `registrations` (
  `id` bigint(20) UNSIGNED NOT NULL,
  `email` varchar(255) COLLATE utf8mb4_unicode_ci NOT NULL,
  `otp` varchar(255) COLLATE utf8mb4_unicode_ci NOT NULL,
  `otp_expiry` varchar(255) COLLATE utf8mb4_unicode_ci NOT NULL,
  `is_verify` varchar(255) COLLATE utf8mb4_unicode_ci NOT NULL DEFAULT '0',
  `created_at` timestamp NULL DEFAULT NULL,
  `updated_at` timestamp NULL DEFAULT NULL
) ENGINE=InnoDB DEFAULT CHARSET=utf8mb4 COLLATE=utf8mb4_unicode_ci;

--
-- Dumping data for table `registrations`
--

INSERT INTO `registrations` (`id`, `email`, `otp`, `otp_expiry`, `is_verify`, `created_at`, `updated_at`) VALUES
(1, 'jsaurabh.info91@gmail.com', ' ', '2020-08-19 05:48:49', '1', '2020-08-19 05:43:49', '2020-08-19 05:44:08'),
(2, 'krishnamohan6959@gmail.com', '520872', '2020-08-19 08:17:15', '0', '2020-08-19 08:12:15', '2020-08-19 08:12:15'),
(5, 'rajlaxmisen574@gmail.com', ' ', '2020-08-21 20:56:07', '1', '2020-08-21 20:51:07', '2020-08-21 20:54:06'),
(6, 'abhilekhtripathi0@gmail.com', ' ', '2020-08-23 12:08:04', '1', '2020-08-23 12:03:04', '2020-08-23 12:03:31'),
(7, 'abhilekhtripathi02626@gmail.com', ' ', '2020-08-23 14:33:44', '1', '2020-08-23 14:28:44', '2020-08-23 14:28:59'),
(8, 'hhdhddhjjd@gmail.com', ' ', '2020-08-23 14:46:03', '1', '2020-08-23 14:41:03', '2020-08-23 14:41:11'),
(9, 'aaryan.shrm88@gmail.com', ' ', '2020-08-23 15:48:20', '1', '2020-08-23 15:43:20', '2020-08-23 15:43:29'),
(10, 'rajlaxmisenibm574@gmail.com', ' ', '2020-08-23 16:06:00', '1', '2020-08-23 15:49:49', '2020-08-23 16:03:10'),
(11, '10071993rk@gmail.com', ' ', '2020-08-23 15:58:56', '1', '2020-08-23 15:53:56', '2020-08-23 15:54:04'),
(12, 'abc@gmail.com', '614300', '2020-08-23 16:03:22', '0', '2020-08-23 15:58:22', '2020-08-23 15:58:22'),
(13, 'inrakesh.kushwaha@gmail.com', ' ', '2020-08-26 16:51:22', '1', '2020-08-23 15:58:39', '2020-08-26 16:47:43'),
(14, 'vbjh@gmail.com', '595158', '2020-08-23 16:46:22', '0', '2020-08-23 16:41:22', '2020-08-23 16:41:22'),
(15, 'test0@gmail.com', ' ', '2020-08-30 13:23:09', '1', '2020-08-30 13:18:09', '2020-08-30 13:18:16'),
(16, 'test1@gmail.com', ' ', '2020-08-30 13:26:45', '1', '2020-08-30 13:21:45', '2020-08-30 13:21:49'),
(17, 'test3@gmail.com', ' ', '2020-08-30 13:28:39', '1', '2020-08-30 13:23:39', '2020-08-30 13:23:44'),
(18, 'test4@gmail.com', ' ', '2020-08-30 13:30:33', '1', '2020-08-30 13:25:33', '2020-08-30 13:25:37'),
(19, 'test6@gmail.com', ' ', '2020-08-30 13:33:59', '1', '2020-08-30 13:28:59', '2020-08-30 13:29:03'),
(20, 'test2@gmail.com', ' ', '2020-08-30 13:37:14', '1', '2020-08-30 13:32:14', '2020-08-30 13:32:21'),
(21, 'test5@gmail.com', ' ', '2020-08-30 13:38:40', '1', '2020-08-30 13:33:40', '2020-08-30 13:33:44');

-- --------------------------------------------------------

--
-- Table structure for table `reported_issues`
--

CREATE TABLE `reported_issues` (
  `id` bigint(20) UNSIGNED NOT NULL,
  `user_id` bigint(20) UNSIGNED NOT NULL,
  `photo_id` bigint(20) UNSIGNED DEFAULT NULL,
  `feed_id` bigint(20) UNSIGNED DEFAULT NULL,
  `deleted_at` timestamp NULL DEFAULT NULL,
  `created_at` timestamp NULL DEFAULT NULL,
  `updated_at` timestamp NULL DEFAULT NULL
) ENGINE=InnoDB DEFAULT CHARSET=utf8mb4 COLLATE=utf8mb4_unicode_ci;

--
-- Dumping data for table `reported_issues`
--

INSERT INTO `reported_issues` (`id`, `user_id`, `photo_id`, `feed_id`, `deleted_at`, `created_at`, `updated_at`) VALUES
(1, 6, 1, NULL, NULL, '2020-09-29 14:39:51', '2020-09-29 14:39:51');

-- --------------------------------------------------------

--
-- Table structure for table `states`
--

CREATE TABLE `states` (
  `id` bigint(20) UNSIGNED NOT NULL,
  `name` varchar(255) COLLATE utf8mb4_unicode_ci NOT NULL,
  `created_at` timestamp NULL DEFAULT NULL,
  `updated_at` timestamp NULL DEFAULT NULL,
  `deleted_at` timestamp NULL DEFAULT NULL
) ENGINE=InnoDB DEFAULT CHARSET=utf8mb4 COLLATE=utf8mb4_unicode_ci;

--
-- Dumping data for table `states`
--

INSERT INTO `states` (`id`, `name`, `created_at`, `updated_at`, `deleted_at`) VALUES
(1, 'UP', '2020-09-28 07:44:19', '2020-09-28 07:44:19', NULL),
(2, 'AP', '2020-09-28 07:53:07', '2020-09-28 07:53:07', NULL),
(3, 'RP', '2020-09-28 07:53:43', '2020-09-28 07:53:43', NULL);

-- --------------------------------------------------------

--
-- Table structure for table `users`
--

CREATE TABLE `users` (
  `id` bigint(20) UNSIGNED NOT NULL,
  `first_name` varchar(255) COLLATE utf8mb4_unicode_ci NOT NULL,
  `last_name` varchar(255) COLLATE utf8mb4_unicode_ci NOT NULL,
  `dob` date DEFAULT NULL,
  `mobile` varchar(255) COLLATE utf8mb4_unicode_ci DEFAULT NULL,
  `email` varchar(255) COLLATE utf8mb4_unicode_ci NOT NULL,
  `email_verified_at` timestamp NULL DEFAULT NULL,
  `login_type` tinyint(4) NOT NULL DEFAULT 0,
  `password` varchar(255) COLLATE utf8mb4_unicode_ci NOT NULL,
  `remember_token` varchar(100) COLLATE utf8mb4_unicode_ci DEFAULT NULL,
  `created_at` timestamp NULL DEFAULT NULL,
  `updated_at` timestamp NULL DEFAULT NULL,
  `deleted_at` timestamp NULL DEFAULT NULL
) ENGINE=InnoDB DEFAULT CHARSET=utf8mb4 COLLATE=utf8mb4_unicode_ci;

--
-- Dumping data for table `users`
--

INSERT INTO `users` (`id`, `first_name`, `last_name`, `dob`, `mobile`, `email`, `email_verified_at`, `login_type`, `password`, `remember_token`, `created_at`, `updated_at`, `deleted_at`) VALUES
(1, 'Saurabh', 'Jain', NULL, NULL, 'jsaurabh.info91@gmail.com', NULL, 0, '$2y$10$sYHECpbbR04Io7Xy68U.x.Rw8ezxJ8swUitX8JMu4k9/Rfii02Sii', NULL, '2020-08-19 05:44:43', '2020-08-19 05:44:43', NULL),
(2, 'krishna', 'mohan', NULL, NULL, 'krishnamohan6959@gmail.com', NULL, 2, '$2y$10$i9f5cMFEeXwlYduqkT9qIe3Z8f2./owdunOBH7sba9Fr1f5RdZ.nC', NULL, '2020-08-19 08:14:46', '2020-08-19 08:14:46', NULL),
(3, 'abhilekh743', 'tripathi', NULL, NULL, 'abhilekh743@gmail.com', NULL, 2, '$2y$10$ifvKryjmdJRJOElOf6L4SuMtW6AJj0J2K7MLprepgtdqM2UTJJ3Km', NULL, '2020-08-19 08:19:20', '2020-08-31 18:54:47', NULL),
(6, 'Riya', 'Sen', '2020-01-02', '9599856648', 'rajlaxmisen574@gmail.com', NULL, 0, '$2y$10$YAIGqJDfRwbJXZI5gN1eb.xJacSAb16EgHliJSWutzNW2ReKegrje', NULL, '2020-08-21 20:54:52', '2020-08-26 17:56:01', NULL),
(7, 'Abhilekh', 'kumar', '2020-08-22', '9015812766', 'abhilekhtripathi0@gmail.com', NULL, 0, '$2y$10$6aFom.8BufuoJAGEvk5nHulbncSWo24RspVX91VH0UYYqSMLgVw.y', NULL, '2020-08-23 12:04:23', '2020-08-30 06:40:36', NULL),
(8, 'aaaaaa', 'bbbbbb', '2020-08-20', '123456789', 'abhilekhtripathi02626@gmail.com', NULL, 0, '$2y$10$HBZ4oD311HjvT9.NaupAgesVhf7AwiVfaLSptNBwtE8RUpFRT8BLG', NULL, '2020-08-23 14:31:03', '2020-08-23 14:31:03', NULL),
(9, 'Aaryan', 'Sharma', '2020-08-23', '9999491412', 'aaryan.shrm88@gmail.com', NULL, 0, '$2y$10$jpksCJLr39FCGto/fpCTTupJwlGdz3ar6q/k2dRYEDfM13kHeuFtW', NULL, '2020-08-23 15:43:57', '2020-08-23 15:43:57', NULL),
(10, 'Rakesh', 'Kushwaha', '1993-07-10', '7210772089', 'inrakesh.kushwaha@gmail.com', NULL, 0, '$2y$10$lu8.JuJgs/nmBa7WYhFHnembGuBZGGsHZl2kz6FZgJTv.jNNsqPkq', NULL, '2020-08-26 16:49:15', '2020-08-26 17:23:25', NULL),
(11, 'test0', 'test0', NULL, NULL, 'test0@gmail.com', NULL, 0, '$2y$10$mxdn/XjmC.n3k/YZ2Ty.vut8QQSJLS.bZGIgLOQLEQXgbd.1MZ6Zi', NULL, '2020-08-30 13:18:55', '2020-08-30 13:18:55', NULL),
(12, 'test1', 'trst1', NULL, NULL, 'test1@gmail.com', NULL, 0, '$2y$10$zi8KbQNw6j.PMjdE63o/weCDbDIOzXLsNXo/.W23Ed14ge6gegBQ6', NULL, '2020-08-30 13:22:13', '2020-08-30 13:23:03', NULL),
(13, 'tedt3', 'test3', NULL, NULL, 'test3@gmail.com', NULL, 0, '$2y$10$riFDWuBrK7HvGqUgXKnxj.F0fCuBlw1aWdpNwFUThDgUsrbuQlq/W', NULL, '2020-08-30 13:24:08', '2020-08-30 13:24:08', NULL),
(14, 'test4', 'test4', NULL, NULL, 'test4@gmail.com', NULL, 0, '$2y$10$bsTZWOwH8f57c0wWWzCfluCouUgLvAxI4uHhpAyo8wfgZAtkNefWu', NULL, '2020-08-30 13:26:26', '2020-08-30 13:26:26', NULL),
(15, 'test6', 'test6', NULL, NULL, 'test6@gmail.com', NULL, 0, '$2y$10$qaXC51tD1ShQX1xfD8/s8.hJKDZgebqQ2pJtl4NPRXQS1CYuzjylG', NULL, '2020-08-30 13:29:28', '2020-08-30 13:29:28', NULL),
(16, 'test2', 'test2', NULL, NULL, 'test2@gmail.com', NULL, 0, '$2y$10$EyX64R6Sq9ZXz4WyCah2uOmWZ6VFY7V5Iw50YDwSd/x71PZP9Co4u', NULL, '2020-08-30 13:32:46', '2020-08-30 13:32:46', NULL),
(17, 'test5', 'test5', NULL, NULL, 'test5@gmail.com', NULL, 0, '$2y$10$B6Kxnp73P7Xpt0GwyQtrse/M.MOezUBEkjrB/kNb5hWGrWxtwVKBK', NULL, '2020-08-30 13:34:18', '2020-08-30 13:34:18', NULL);

-- --------------------------------------------------------

--
-- Table structure for table `user_profiles`
--

CREATE TABLE `user_profiles` (
  `id` bigint(20) UNSIGNED NOT NULL,
  `user_id` bigint(20) UNSIGNED NOT NULL,
  `mobile_visibility` tinyint(4) NOT NULL DEFAULT 0,
  `email_visibility` tinyint(4) NOT NULL DEFAULT 0,
  `profile_image` varchar(255) COLLATE utf8mb4_unicode_ci NOT NULL DEFAULT 'profile_image.jpg',
  `about_info` varchar(255) COLLATE utf8mb4_unicode_ci DEFAULT NULL,
  `posts_count` int(11) NOT NULL DEFAULT 0,
  `friends_count` int(11) NOT NULL DEFAULT 0,
  `deleted_at` timestamp NULL DEFAULT NULL,
  `created_at` timestamp NULL DEFAULT NULL,
  `updated_at` timestamp NULL DEFAULT NULL,
  `state` varchar(255) COLLATE utf8mb4_unicode_ci NOT NULL,
  `state_id` bigint(20) UNSIGNED NOT NULL,
  `country` varchar(255) COLLATE utf8mb4_unicode_ci NOT NULL,
  `country_id` bigint(20) UNSIGNED NOT NULL
) ENGINE=InnoDB DEFAULT CHARSET=utf8mb4 COLLATE=utf8mb4_unicode_ci;

--
-- Dumping data for table `user_profiles`
--

INSERT INTO `user_profiles` (`id`, `user_id`, `mobile_visibility`, `email_visibility`, `profile_image`, `about_info`, `posts_count`, `friends_count`, `deleted_at`, `created_at`, `updated_at`, `state`, `state_id`, `country`, `country_id`) VALUES
(1, 1, 0, 0, 'profile_image.jpg', NULL, 0, 0, NULL, NULL, NULL, '', 0, '', 0),
(2, 2, 0, 0, 'profile_image.jpg', NULL, 0, 0, NULL, NULL, NULL, '', 0, '', 0),
(3, 3, 0, 0, 'profile_image.jpg', NULL, 0, 4, NULL, NULL, '2020-09-03 19:53:42', '', 0, '', 0),
(6, 6, 1, 1, '1598770836.jpg', 'I am cool. and I know it', 0, 3, NULL, '2020-08-21 20:54:52', '2020-09-03 19:53:42', '', 0, '', 0),
(7, 7, 0, 0, '1598769608.jpg', 'hughijhggggjjjhggg jjggfff cfffff hhccccfffff hhccccfffff BBB bbbvvcxxhjjn bbbvvcxxhjjn bbbb hh', 6, 4, NULL, '2020-08-23 12:04:23', '2020-09-04 06:18:06', '', 0, '', 0),
(8, 8, 0, 0, '1598193312.jpg', 'hahhshsjs bsjsjsj', 0, 0, NULL, '2020-08-23 14:31:03', '2020-08-23 14:35:12', '', 0, '', 0),
(9, 9, 0, 0, '1598201227.jpg', 'Hello', 0, 0, NULL, '2020-08-23 15:43:57', '2020-08-30 06:31:07', '', 0, '', 0),
(10, 10, 0, 0, '1598460880.jpg', 'I am innocent.', 0, 0, NULL, '2020-08-26 16:49:15', '2020-08-26 18:07:49', '', 0, '', 0),
(11, 11, 0, 0, 'profile_image.jpg', NULL, 0, 1, NULL, '2020-08-30 13:18:55', '2020-09-02 05:26:33', '', 0, '', 0),
(12, 12, 0, 0, 'profile_image.jpg', NULL, 0, 2, NULL, '2020-08-30 13:22:13', '2020-09-02 19:04:54', '', 0, '', 0),
(13, 13, 0, 0, 'profile_image.jpg', NULL, 0, 2, NULL, '2020-08-30 13:24:08', '2020-09-02 19:05:37', '', 0, '', 0),
(14, 14, 0, 0, 'profile_image.jpg', NULL, 0, 0, NULL, '2020-08-30 13:26:26', '2020-08-30 13:26:26', '', 0, '', 0),
(15, 15, 0, 0, 'profile_image.jpg', NULL, 0, 1, NULL, '2020-08-30 13:29:28', '2020-09-02 19:06:56', '', 0, '', 0),
(16, 16, 0, 0, 'profile_image.jpg', NULL, 0, 0, NULL, '2020-08-30 13:32:46', '2020-09-02 19:06:19', '', 0, '', 0),
(17, 17, 0, 0, 'profile_image.jpg', NULL, 0, 1, NULL, '2020-08-30 13:34:18', '2020-09-02 04:53:42', '', 0, '', 0);

--
-- Indexes for dumped tables
--

--
-- Indexes for table `admins`
--
ALTER TABLE `admins`
  ADD PRIMARY KEY (`id`),
  ADD UNIQUE KEY `admins_email_unique` (`email`);

--
-- Indexes for table `admin_password_resets`
--
ALTER TABLE `admin_password_resets`
  ADD KEY `admin_password_resets_email_index` (`email`);

--
-- Indexes for table `can_help_withs`
--
ALTER TABLE `can_help_withs`
  ADD PRIMARY KEY (`id`),
  ADD KEY `can_help_withs_user_id_foreign` (`user_id`),
  ADD KEY `can_help_withs_category_id_foreign` (`category_id`);

--
-- Indexes for table `categories`
--
ALTER TABLE `categories`
  ADD PRIMARY KEY (`id`);

--
-- Indexes for table `competition_photos`
--
ALTER TABLE `competition_photos`
  ADD PRIMARY KEY (`id`),
  ADD KEY `competition_photos_user_id_foreign` (`user_id`),
  ADD KEY `competition_photos_state_id_foreign` (`state_id`),
  ADD KEY `competition_photos_country_id_foreign` (`country_id`);

--
-- Indexes for table `countries`
--
ALTER TABLE `countries`
  ADD PRIMARY KEY (`id`);

--
-- Indexes for table `fcm_tokens`
--
ALTER TABLE `fcm_tokens`
  ADD PRIMARY KEY (`id`),
  ADD KEY `fcm_tokens_user_id_foreign` (`user_id`);

--
-- Indexes for table `feeds`
--
ALTER TABLE `feeds`
  ADD PRIMARY KEY (`id`),
  ADD KEY `feeds_user_id_foreign` (`user_id`);

--
-- Indexes for table `feed_comments`
--
ALTER TABLE `feed_comments`
  ADD PRIMARY KEY (`id`),
  ADD KEY `feed_comments_feed_id_foreign` (`feed_id`),
  ADD KEY `feed_comments_user_id_foreign` (`user_id`);

--
-- Indexes for table `feed_images`
--
ALTER TABLE `feed_images`
  ADD PRIMARY KEY (`id`),
  ADD KEY `feed_images_feed_id_foreign` (`feed_id`);

--
-- Indexes for table `feed_likes`
--
ALTER TABLE `feed_likes`
  ADD PRIMARY KEY (`id`),
  ADD KEY `feed_likes_feed_id_foreign` (`feed_id`),
  ADD KEY `feed_likes_user_id_foreign` (`user_id`);

--
-- Indexes for table `feed_value_addeds`
--
ALTER TABLE `feed_value_addeds`
  ADD PRIMARY KEY (`id`),
  ADD KEY `feed_value_addeds_feed_id_foreign` (`feed_id`),
  ADD KEY `feed_value_addeds_user_id_foreign` (`user_id`);

--
-- Indexes for table `feed_videos`
--
ALTER TABLE `feed_videos`
  ADD PRIMARY KEY (`id`),
  ADD KEY `feed_videos_feed_id_foreign` (`feed_id`);

--
-- Indexes for table `friend_connections`
--
ALTER TABLE `friend_connections`
  ADD PRIMARY KEY (`id`);

--
-- Indexes for table `messages`
--
ALTER TABLE `messages`
  ADD PRIMARY KEY (`id`),
  ADD KEY `messages_from_user_foreign` (`from_user`),
  ADD KEY `messages_to_user_foreign` (`to_user`);

--
-- Indexes for table `migrations`
--
ALTER TABLE `migrations`
  ADD PRIMARY KEY (`id`);

--
-- Indexes for table `need_help_withs`
--
ALTER TABLE `need_help_withs`
  ADD PRIMARY KEY (`id`),
  ADD KEY `need_help_withs_user_id_foreign` (`user_id`),
  ADD KEY `need_help_withs_category_id_foreign` (`category_id`);

--
-- Indexes for table `password_resets`
--
ALTER TABLE `password_resets`
  ADD KEY `password_resets_email_index` (`email`);

--
-- Indexes for table `photo_votes`
--
ALTER TABLE `photo_votes`
  ADD PRIMARY KEY (`id`),
  ADD UNIQUE KEY `photo_votes_user_id_photo_id_unique` (`user_id`,`photo_id`),
  ADD KEY `photo_votes_photo_id_foreign` (`photo_id`);

--
-- Indexes for table `registrations`
--
ALTER TABLE `registrations`
  ADD PRIMARY KEY (`id`);

--
-- Indexes for table `reported_issues`
--
ALTER TABLE `reported_issues`
  ADD PRIMARY KEY (`id`),
  ADD KEY `reported_issues_user_id_foreign` (`user_id`),
  ADD KEY `reported_issues_photo_id_foreign` (`photo_id`),
  ADD KEY `reported_issues_feed_id_foreign` (`feed_id`);

--
-- Indexes for table `states`
--
ALTER TABLE `states`
  ADD PRIMARY KEY (`id`);

--
-- Indexes for table `users`
--
ALTER TABLE `users`
  ADD PRIMARY KEY (`id`),
  ADD UNIQUE KEY `users_email_unique` (`email`);

--
-- Indexes for table `user_profiles`
--
ALTER TABLE `user_profiles`
  ADD PRIMARY KEY (`id`),
  ADD KEY `user_profiles_user_id_foreign` (`user_id`);

--
-- AUTO_INCREMENT for dumped tables
--

--
-- AUTO_INCREMENT for table `admins`
--
ALTER TABLE `admins`
  MODIFY `id` bigint(20) UNSIGNED NOT NULL AUTO_INCREMENT, AUTO_INCREMENT=2;

--
-- AUTO_INCREMENT for table `can_help_withs`
--
ALTER TABLE `can_help_withs`
  MODIFY `id` bigint(20) UNSIGNED NOT NULL AUTO_INCREMENT, AUTO_INCREMENT=1500;

--
-- AUTO_INCREMENT for table `categories`
--
ALTER TABLE `categories`
  MODIFY `id` bigint(20) UNSIGNED NOT NULL AUTO_INCREMENT, AUTO_INCREMENT=29;

--
-- AUTO_INCREMENT for table `competition_photos`
--
ALTER TABLE `competition_photos`
  MODIFY `id` bigint(20) UNSIGNED NOT NULL AUTO_INCREMENT, AUTO_INCREMENT=2;

--
-- AUTO_INCREMENT for table `countries`
--
ALTER TABLE `countries`
  MODIFY `id` bigint(20) UNSIGNED NOT NULL AUTO_INCREMENT, AUTO_INCREMENT=8;

--
-- AUTO_INCREMENT for table `fcm_tokens`
--
ALTER TABLE `fcm_tokens`
  MODIFY `id` bigint(20) UNSIGNED NOT NULL AUTO_INCREMENT;

--
-- AUTO_INCREMENT for table `feeds`
--
ALTER TABLE `feeds`
  MODIFY `id` bigint(20) UNSIGNED NOT NULL AUTO_INCREMENT, AUTO_INCREMENT=27;

--
-- AUTO_INCREMENT for table `feed_comments`
--
ALTER TABLE `feed_comments`
  MODIFY `id` bigint(20) UNSIGNED NOT NULL AUTO_INCREMENT, AUTO_INCREMENT=9;

--
-- AUTO_INCREMENT for table `feed_images`
--
ALTER TABLE `feed_images`
  MODIFY `id` bigint(20) UNSIGNED NOT NULL AUTO_INCREMENT, AUTO_INCREMENT=19;

--
-- AUTO_INCREMENT for table `feed_likes`
--
ALTER TABLE `feed_likes`
  MODIFY `id` bigint(20) UNSIGNED NOT NULL AUTO_INCREMENT, AUTO_INCREMENT=5;

--
-- AUTO_INCREMENT for table `feed_value_addeds`
--
ALTER TABLE `feed_value_addeds`
  MODIFY `id` bigint(20) UNSIGNED NOT NULL AUTO_INCREMENT;

--
-- AUTO_INCREMENT for table `feed_videos`
--
ALTER TABLE `feed_videos`
  MODIFY `id` bigint(20) UNSIGNED NOT NULL AUTO_INCREMENT, AUTO_INCREMENT=5;

--
-- AUTO_INCREMENT for table `friend_connections`
--
ALTER TABLE `friend_connections`
  MODIFY `id` bigint(20) UNSIGNED NOT NULL AUTO_INCREMENT, AUTO_INCREMENT=13;

--
-- AUTO_INCREMENT for table `messages`
--
ALTER TABLE `messages`
  MODIFY `id` bigint(20) UNSIGNED NOT NULL AUTO_INCREMENT, AUTO_INCREMENT=12;

--
-- AUTO_INCREMENT for table `migrations`
--
ALTER TABLE `migrations`
  MODIFY `id` int(10) UNSIGNED NOT NULL AUTO_INCREMENT, AUTO_INCREMENT=32;

--
-- AUTO_INCREMENT for table `need_help_withs`
--
ALTER TABLE `need_help_withs`
  MODIFY `id` bigint(20) UNSIGNED NOT NULL AUTO_INCREMENT, AUTO_INCREMENT=1669;

--
-- AUTO_INCREMENT for table `photo_votes`
--
ALTER TABLE `photo_votes`
  MODIFY `id` bigint(20) UNSIGNED NOT NULL AUTO_INCREMENT, AUTO_INCREMENT=7;

--
-- AUTO_INCREMENT for table `registrations`
--
ALTER TABLE `registrations`
  MODIFY `id` bigint(20) UNSIGNED NOT NULL AUTO_INCREMENT, AUTO_INCREMENT=22;

--
-- AUTO_INCREMENT for table `reported_issues`
--
ALTER TABLE `reported_issues`
  MODIFY `id` bigint(20) UNSIGNED NOT NULL AUTO_INCREMENT, AUTO_INCREMENT=2;

--
-- AUTO_INCREMENT for table `states`
--
ALTER TABLE `states`
  MODIFY `id` bigint(20) UNSIGNED NOT NULL AUTO_INCREMENT, AUTO_INCREMENT=4;

--
-- AUTO_INCREMENT for table `users`
--
ALTER TABLE `users`
  MODIFY `id` bigint(20) UNSIGNED NOT NULL AUTO_INCREMENT, AUTO_INCREMENT=18;

--
-- AUTO_INCREMENT for table `user_profiles`
--
ALTER TABLE `user_profiles`
  MODIFY `id` bigint(20) UNSIGNED NOT NULL AUTO_INCREMENT, AUTO_INCREMENT=18;

--
-- Constraints for dumped tables
--

--
-- Constraints for table `can_help_withs`
--
ALTER TABLE `can_help_withs`
  ADD CONSTRAINT `can_help_withs_category_id_foreign` FOREIGN KEY (`category_id`) REFERENCES `categories` (`id`) ON DELETE CASCADE,
  ADD CONSTRAINT `can_help_withs_user_id_foreign` FOREIGN KEY (`user_id`) REFERENCES `users` (`id`) ON DELETE CASCADE;

--
-- Constraints for table `competition_photos`
--
ALTER TABLE `competition_photos`
  ADD CONSTRAINT `competition_photos_country_id_foreign` FOREIGN KEY (`country_id`) REFERENCES `countries` (`id`) ON DELETE CASCADE,
  ADD CONSTRAINT `competition_photos_state_id_foreign` FOREIGN KEY (`state_id`) REFERENCES `states` (`id`) ON DELETE CASCADE,
  ADD CONSTRAINT `competition_photos_user_id_foreign` FOREIGN KEY (`user_id`) REFERENCES `users` (`id`) ON DELETE CASCADE;

--
-- Constraints for table `fcm_tokens`
--
ALTER TABLE `fcm_tokens`
  ADD CONSTRAINT `fcm_tokens_user_id_foreign` FOREIGN KEY (`user_id`) REFERENCES `users` (`id`) ON DELETE CASCADE;

--
-- Constraints for table `feeds`
--
ALTER TABLE `feeds`
  ADD CONSTRAINT `feeds_user_id_foreign` FOREIGN KEY (`user_id`) REFERENCES `users` (`id`) ON DELETE CASCADE;

--
-- Constraints for table `feed_comments`
--
ALTER TABLE `feed_comments`
  ADD CONSTRAINT `feed_comments_feed_id_foreign` FOREIGN KEY (`feed_id`) REFERENCES `feeds` (`id`) ON DELETE CASCADE,
  ADD CONSTRAINT `feed_comments_user_id_foreign` FOREIGN KEY (`user_id`) REFERENCES `users` (`id`) ON DELETE CASCADE;

--
-- Constraints for table `feed_images`
--
ALTER TABLE `feed_images`
  ADD CONSTRAINT `feed_images_feed_id_foreign` FOREIGN KEY (`feed_id`) REFERENCES `feeds` (`id`) ON DELETE CASCADE;

--
-- Constraints for table `feed_likes`
--
ALTER TABLE `feed_likes`
  ADD CONSTRAINT `feed_likes_feed_id_foreign` FOREIGN KEY (`feed_id`) REFERENCES `feeds` (`id`) ON DELETE CASCADE,
  ADD CONSTRAINT `feed_likes_user_id_foreign` FOREIGN KEY (`user_id`) REFERENCES `users` (`id`) ON DELETE CASCADE;

--
-- Constraints for table `feed_value_addeds`
--
ALTER TABLE `feed_value_addeds`
  ADD CONSTRAINT `feed_value_addeds_feed_id_foreign` FOREIGN KEY (`feed_id`) REFERENCES `feeds` (`id`) ON DELETE CASCADE,
  ADD CONSTRAINT `feed_value_addeds_user_id_foreign` FOREIGN KEY (`user_id`) REFERENCES `users` (`id`) ON DELETE CASCADE;

--
-- Constraints for table `feed_videos`
--
ALTER TABLE `feed_videos`
  ADD CONSTRAINT `feed_videos_feed_id_foreign` FOREIGN KEY (`feed_id`) REFERENCES `feeds` (`id`) ON DELETE CASCADE;

--
-- Constraints for table `messages`
--
ALTER TABLE `messages`
  ADD CONSTRAINT `messages_from_user_foreign` FOREIGN KEY (`from_user`) REFERENCES `users` (`id`) ON DELETE CASCADE,
  ADD CONSTRAINT `messages_to_user_foreign` FOREIGN KEY (`to_user`) REFERENCES `users` (`id`) ON DELETE CASCADE;

--
-- Constraints for table `need_help_withs`
--
ALTER TABLE `need_help_withs`
  ADD CONSTRAINT `need_help_withs_category_id_foreign` FOREIGN KEY (`category_id`) REFERENCES `categories` (`id`) ON DELETE CASCADE,
  ADD CONSTRAINT `need_help_withs_user_id_foreign` FOREIGN KEY (`user_id`) REFERENCES `users` (`id`) ON DELETE CASCADE;

--
-- Constraints for table `photo_votes`
--
ALTER TABLE `photo_votes`
  ADD CONSTRAINT `photo_votes_photo_id_foreign` FOREIGN KEY (`photo_id`) REFERENCES `competition_photos` (`id`) ON DELETE CASCADE,
  ADD CONSTRAINT `photo_votes_user_id_foreign` FOREIGN KEY (`user_id`) REFERENCES `users` (`id`) ON DELETE CASCADE;

--
-- Constraints for table `reported_issues`
--
ALTER TABLE `reported_issues`
  ADD CONSTRAINT `reported_issues_feed_id_foreign` FOREIGN KEY (`feed_id`) REFERENCES `feeds` (`id`) ON DELETE CASCADE,
  ADD CONSTRAINT `reported_issues_photo_id_foreign` FOREIGN KEY (`photo_id`) REFERENCES `competition_photos` (`id`) ON DELETE CASCADE,
  ADD CONSTRAINT `reported_issues_user_id_foreign` FOREIGN KEY (`user_id`) REFERENCES `users` (`id`) ON DELETE CASCADE;

--
-- Constraints for table `user_profiles`
--
ALTER TABLE `user_profiles`
  ADD CONSTRAINT `user_profiles_user_id_foreign` FOREIGN KEY (`user_id`) REFERENCES `users` (`id`) ON DELETE CASCADE;
COMMIT;

/*!40101 SET CHARACTER_SET_CLIENT=@OLD_CHARACTER_SET_CLIENT */;
/*!40101 SET CHARACTER_SET_RESULTS=@OLD_CHARACTER_SET_RESULTS */;
/*!40101 SET COLLATION_CONNECTION=@OLD_COLLATION_CONNECTION */;
